date,month,weekday,day_type,weather_group,temperature_2m_mean,precipitation_sum,snowfall_sum,trips,fare_n,fare_sum,total_charge_sum,efficiency_n,distance_km_sum,duration_min_sum,speed_kmh_sum,tip_n,tip_sum,tip_fare_sum,flagged_n,avg_fare,avg_total_charge,avg_distance_km,avg_duration_min,avg_speed_kmh,tip_rate,flag_rate
2025-01-01,1,2,节假日,降水,7.3,5.5,0,89905,80339,1634022.59,2309947.99,88318,566282.35166976,1322339.18333333,1989749.97725046,55773,249753.35,1164117.05,9745,20.3390954579967,28.7525111091749,6.41185660533255,14.972476543098,22.5293822012552,0.214543159555991,0.108392191757967
2025-01-02,1,3,工作日,无明显降水,3.7,0,0,84559,79716,1619390.47,2357256.08,82897,499550.32334592,1344885.06666667,1579506.79600843,62136,275112.82,1280158.04,4746,20.314497340559,29.5706769030057,6.02615683735141,16.2235673989006,19.0538474975985,0.214905356529261,0.0561264915621046
2025-01-03,1,4,工作日,无明显降水,1.2,0,0,90932,86170,1652736.52,2428227.75,89146,490659.82428672,1384685.75,1634677.47460052,68419,288653.05,1319526.09,4773,19.1799526517349,28.1795027271672,5.50400269542907,15.5327861036951,18.3370815807834,0.218755091079707,0.0524897725773105
2025-01-04,1,5,周末,无明显降水,-0.4,0,0,97498,92944,1732479.42,2494507.91,96227,506515.38715008,1403020.06666667,1815579.64295402,74461,304230.4,1392740.17,4582,18.6400350748838,26.8388267128594,5.26375536128197,14.580315988929,18.8676737605248,0.218440170358553,0.0469958358120167
2025-01-05,1,6,周末,无明显降水,-1,0,0,79321,75081,1512848.83,2215616.47,78013,485945.29931904,1100362.91666667,1739384.91267103,60858,269975.53,1239902.73,4094,20.1495562126237,29.509682476259,6.22902976835963,14.1048660693303,22.2960905576125,0.217739281854795,0.0516130658967991
2025-01-06,1,0,工作日,降雪,-2.2,2,1.4,79878,76339,1464481.24,2203532.95,78309,447705.4995072,1161984.06666667,1518477.32625269,61983,265144.45,1189845.43,3804,19.1839196216875,28.8651010623665,5.71716532591656,14.8384485393335,19.3908404685628,0.222839406963979,0.0476226245023661
2025-01-07,1,1,工作日,无明显降水,-3.3,0,0,100361,95628,1687485.77,2576309.61,98053,487522.1184768,1405392.51666667,1758166.08972169,76370,308994.28,1334828.75,5464,17.6463564018907,26.9409546367173,4.97202654153162,14.3329884518237,17.9307730484707,0.231486083889038,0.0544434591126035
2025-01-08,1,2,工作日,无明显降水,-3.3,0,0,113576,107526,1853327.97,2830329.72,110480,521774.76852864,1594213.81666667,1903426.9159971,83466,333320.88,1421916.07,7302,17.2360914569499,26.3222822387144,4.72279841173642,14.4298861030654,17.2287012671714,0.234416705059111,0.0642917517785448
2025-01-09,1,3,工作日,无明显降水,-2.8,0,0,118924,112551,1986712.39,3020751.13,115397,563980.10461056,1723746.8,1978084.45571291,87411,358229.64,1538328.67,7976,17.6516636013896,26.8389541630017,4.88730300276922,14.9375356378415,17.1415587555388,0.232869377647366,0.067068043456325
2025-01-10,1,4,工作日,无明显降水,-0.2,0,0,111178,105330,1893553.92,2868278.46,107937,550369.31913216,1603182.31666667,1917966.49396458,81533,336107.26,1460746.64,7221,17.9773466248932,27.2313534605525,5.09898662305011,14.8529449277511,17.7693144516207,0.230092783235839,0.0649499001601036
2025-01-11,1,5,周末,降雪,-0.6,1.8,1.26,121678,114737,1941900.17,2888281.09,120115,581793.99772032,1618866.45,2269872.73756095,86771,332163.18,1461247.14,6722,16.924794704411,25.1730574269852,4.84364149124023,13.4776376805561,18.8974960459639,0.22731485380358,0.0552441690363089
2025-01-12,1,6,周末,无明显降水,0.7,0,0,102205,96057,1781007.73,2618144.23,100770,576582.10498944,1364271.93333333,2185153.91150686,71024,299756.53,1331688.52,6123,18.5411550433597,27.2561523886859,5.72176347116642,13.5384730905362,21.6845679419159,0.225095077037985,0.0599090064086884
2025-01-13,1,0,工作日,无明显降水,1.1,0,0,100207,94893,1718984.44,2609848,97462,513484.34556672,1427182.8,1819143.84521951,73803,310904.22,1342358.64,6546,18.1149762363926,27.5030613427755,5.26855949566724,14.6434795099629,18.6651602185417,0.231610398842444,0.06532477771014
2025-01-14,1,1,工作日,无明显降水,-1.6,0,0,121398,114909,2006404.39,3057488.1,117547,561757.95460224,1720902.08333333,2028190.73887236,87712,359530.85,1531064.82,8459,17.460811511718,26.6079079967627,4.77900715970837,14.6401191296531,17.2542960592134,0.23482405532641,0.0696798958796685
2025-01-15,1,2,工作日,无明显降水,-3.3,0,0,124977,119240,2100310.8,3183929.35,121460,583497.45615744,1816413.96666667,2069854.59001952,90222,368707.55,1580198.17,7942,17.6141462596444,26.7018563401543,4.80402977241429,14.9548325923486,17.0414506011817,0.23332994367409,0.0635476927754707
2025-01-16,1,3,工作日,降雪,-3.9,0.2,0.14,138390,132631,2397562.56,3597254.79,132494,648295.05299328,2024112.08333333,2247488.56610295,96850,402321.85,1731606.15,10512,18.0769394787041,27.1222775218463,4.89301442324392,15.2770093991678,16.9629459907841,0.232340275529744,0.075959245610232
2025-01-17,1,4,工作日,无明显降水,-1.1,0,0,120652,113133,2063766.71,3092999.66,115685,588242.6713152,1794181.63333333,2000787.19096096,83014,348120.88,1513396.86,10094,18.2419515967932,27.3395000574545,5.08486555141289,15.5091985420178,17.2951306648309,0.230026167756156,0.0836621025760037
2025-01-18,1,5,周末,降水,2.7,4.6,0,119527,111820,1886038.33,2774035.08,117934,570166.3585728,1647396.66666667,2189280.76795055,79662,302252.67,1330969.41,7583,16.8667351994277,24.808040422107,4.83462240382587,13.968801759176,18.5636098830749,0.227092123777661,0.0634417328302392
2025-01-19,1,6,周末,降雪,1.3,7.3,4.48,117969,108602,1870826.04,2685218.66,116535,588830.17843584,1491579.7,2412146.39480464,67404,254583.29,1127012.11,9340,17.2264418703155,24.7253150034069,5.05281828151062,12.7994139099841,20.6989007148465,0.225892239968921,0.0791733421492087
2025-01-20,1,0,节假日,降雪,-5.8,0.2,0.14,89857,83394,1662279.31,2402465.39,88469,569331.57574656,1225182.16666667,2033433.51715583,56442,261346.5,1162237.44,6628,19.9328406120344,28.8086120104564,6.43537935035504,13.8487172531244,22.984701049586,0.2248649811178,0.0737616435002281
2025-01-21,1,1,工作日,降雪,-9.1,0.1,0.07,117344,110983,1986266.33,2975858.99,113360,567603.36559872,1687248.25,1987325.98447117,79955,329993.91,1424314.71,8875,17.8970322481822,26.8136470450429,5.007086852494,14.883982445307,17.5311043090259,0.231686092745612,0.0756323288791928
2025-01-22,1,2,工作日,无明显降水,-9.4,0,0,126917,119411,2062489.06,3110930.39,122499,564294.48996096,1804819.96666667,2044500.3600441,86888,346758.06,1485031.39,10111,17.2721864819824,26.0522932560652,4.60652323660569,14.733344489887,16.689935101871,0.233502175331122,0.0796662385653616
2025-01-23,1,3,工作日,无明显降水,-6.8,0,0,137788,129085,2280534.07,3427723.44,132172,617342.8295232,2008287.98333333,2175344.57008243,93536,381012.34,1634402.81,11919,17.6669176898943,26.5540027113917,4.67075348427201,15.1945040048825,16.4584372641893,0.23312021838729,0.0865024530438064
2025-01-24,1,4,工作日,无明显降水,-4.3,0,0,129214,121481,2136821.9,3213095.92,124081,595500.732288,1877999,2082355.10825181,88885,358756.06,1556458.21,10565,17.589762185033,26.4493700249422,4.79929024014958,15.1352664791547,16.7822237752098,0.230495144485762,0.0817635859891343
2025-01-25,1,5,周末,无明显降水,-4.4,0,0,136480,127853,2145010.42,3153657.55,134882,610882.1985024,1881884.61666667,2372169.0104973,92118,343619.65,1505711.45,8319,16.777161427577,24.666277287197,4.5290120142228,13.9520812018406,17.5869946360322,0.228210823527974,0.0609539859320047
2025-01-26,1,6,周末,无明显降水,0.6,0,0,101975,95840,1781940.81,2601426.35,100472,565281.22704768,1367720.13333333,2149859.94499242,69321,287374.98,1291171.69,6250,18.5928715567613,27.1434301961603,5.62625634054941,13.6129482177456,21.397602764874,0.222569145703621,0.0612895317479774
2025-01-27,1,0,工作日,无明显降水,0.1,0,0,92826,88212,1617231.72,2445055.81,90563,483242.27732352,1370992.45,1663471.3822316,69166,288494.46,1270168.17,5441,18.3334661950755,27.7179500521471,5.33597912308029,15.1385494075947,18.368112609251,0.227130916058147,0.0586150431991037
2025-01-28,1,1,工作日,无明显降水,2,0,0,113677,108291,1877604.36,2853332.53,110383,525773.55384576,1650003.01666667,1877574.45904662,82739,333811.47,1432414.98,7443,17.3385079092445,26.348750404004,4.76317507085113,14.9479812712706,17.0096342647565,0.233041035356947,0.0654749861449546
2025-01-29,1,2,工作日,无明显降水,3.7,0,0,120335,114037,1992062.83,3026111.44,116732,561744.77407488,1743208.01666667,2006986.37597809,87633,356554.17,1533559.06,8229,17.468565728667,26.5362245586959,4.8122603405654,14.9334202846406,17.1931122226818,0.23250110106617,0.0683840944031246
2025-01-30,1,3,工作日,无明显降水,-0.9,0,0,132913,125276,2250707.81,3385599.02,127655,617595.48043776,2003696.33333333,2101985.69024578,94168,388869.39,1678595.11,10569,17.9659935662058,27.0251206935087,4.83800462526152,15.6961837243612,16.4661446104405,0.23166360230848,0.07951818106581
2025-01-31,1,4,工作日,降水,3.7,9.3,0,133222,124425,2210428.34,3292061.48,126280,614637.2003904,1941944.76666667,2114034.89359476,87211,353100.17,1537573.71,13071,17.7651463934097,26.4581995579666,4.86725689254355,15.3780865272938,16.740852815923,0.22964763751066,0.0981144255453304
2025-02-01,2,5,周末,降水,1.9,2.2,0,148303,138491,2336791.26,3392796.46,146619,665497.42756992,2084978.26666667,2569543.65400982,93176,342111.72,1514470.93,9743,16.8732355171094,24.4983172913763,4.53895762193113,14.2203825334143,17.5253115490477,0.225895204208377,0.0656965806490765
2025-02-02,2,6,周末,降雪,-4.8,3.2,2.17,123309,115776,2085302.72,3007976.7,121637,656102.07729792,1666081.1,2498912.23342185,75907,304476.3,1363318.32,8007,18.0115284687673,25.9810038349917,5.39393504688475,13.6971571150226,20.5440140205846,0.223334708800803,0.064934433009756
2025-02-03,2,0,工作日,降雪,1.6,1,0.35,98246,92785,1716116.06,2568572.46,95686,515856.1484736,1459820.93333333,1768755.27866673,70152,294977.18,1299729.68,6549,18.4956195505739,27.68305717519,5.39113505082875,15.2563690961408,18.4849954922009,0.226952715275379,0.0666592024102762
2025-02-04,2,1,工作日,无明显降水,4.4,0.7,0,119641,112947,1960634.31,2974160.22,116285,543659.8996224,1755191.18333333,1943128.85382546,85999,345870.01,1486781.09,8368,17.3588878854684,26.3323525193232,4.67523669968096,15.0938743890728,16.7100559300465,0.232630084096644,0.0699425782131543
2025-02-05,2,2,工作日,无明显降水,-1.2,0,0,128003,120851,2154041.98,3248384.42,123784,584563.42124928,1936289.1,2022956.66990064,91371,376478.38,1624389.88,9644,17.8239483330713,26.8792514749568,4.72244733769534,15.6424828733924,16.342634507696,0.231766021590826,0.075341984172246
2025-02-06,2,3,工作日,降雪,0.3,10.2,3.01,125736,118301,2107280.76,3166442.04,121970,577692.71328384,1873532.36666667,2012353.6835593,88834,358723.12,1557882.67,9221,17.8128736020828,26.7659786476868,4.73635085089645,15.360599874286,16.4987593962392,0.230263245691025,0.0733361964751543
2025-02-07,2,4,工作日,无明显降水,2.5,0,0,137785,129093,2280413.28,3406052.04,131756,629330.20533504,2033710.9,2177322.37383982,92226,368823.23,1617230.15,12330,17.6648871743627,26.384482814715,4.77648232592853,15.4354329214609,16.5254134448512,0.228058591413226,0.0894872446202417
2025-02-08,2,5,周末,降雪,-1.9,3.7,2.38,145686,134982,2356416.56,3382667.46,143918,639064.49954688,2115086.1,2415967.91588333,90480,330562.87,1458706.29,10494,17.4572651168304,25.0601373516469,4.44047651820398,14.6964667380036,16.7871143003886,0.226613727702511,0.0720316296692887
2025-02-09,2,6,周末,降雪,0.2,10.6,4.41,123111,113427,2175317.91,3055636.38,121452,682976.97946368,1652871.25,2595006.58891339,67210,272184.65,1231666.63,9930,19.1781313972864,26.939232986855,5.62343131001284,13.6092550966637,21.3665200154249,0.220988896971253,0.0806589175622
2025-02-10,2,0,工作日,无明显降水,-0,0,0,108266,101664,1912287.05,2843739.93,104748,565826.87513088,1655484.9,1885945.31759625,74888,318580.52,1401292.93,8231,18.8098741934215,27.9719461166194,5.40179168223622,15.8044535456524,18.0045950051194,0.22734755394791,0.0760257144440545
2025-02-11,2,1,工作日,降雪,-1.7,0.6,0.42,125280,117441,2062847.95,3091146.89,121185,559613.21404032,1847382.7,1972225.15929276,86560,346382.48,1492382.37,9914,17.5649726245519,26.320849532957,4.61784225803788,15.2443181911953,16.2744989833128,0.232100356425411,0.0791347381864623
2025-02-12,2,2,工作日,降雪,0.2,4.8,3.29,128606,120481,2095685.14,3146945.5,123868,580593.5397504,1848845.86666667,2083025.01845008,87617,349305.21,1500858.14,10718,17.3943205982686,26.1198487728355,4.68719556100365,14.9259362116662,16.816490283609,0.232736992718046,0.0833398130724849
2025-02-13,2,3,工作日,降雪,3.4,5.2,0.14,142451,133246,2408371.15,3575861.5,136467,665333.12964096,2170600.5,2252378.06238477,93386,384393.22,1671046.33,12798,18.0746225027393,26.836539183165,4.87541405351448,15.9056804941854,16.5049283884366,0.23003145580051,0.0898414191546567
2025-02-14,2,4,工作日,无明显降水,0.2,0,0,158261,146427,2779971.7,3999691.6,149198,733725.82394496,2485253.96666667,2392172.50913585,91739,377039.49,1667485.27,17673,18.9853763308679,27.3152601637676,4.91779932669982,16.657421457839,16.0335427360678,0.226112636065445,0.111669962909371
2025-02-15,2,5,周末,降雪,-1,7.9,3.36,148125,136504,2337918.33,3337541.93,146438,694862.45161344,2070808.83333333,2655146.45845727,81843,301741.3,1337122.13,11600,17.1271049200023,24.4501401424134,4.74509657065407,14.1411985504673,18.1315400268869,0.225664726676837,0.0783122362869198
2025-02-16,2,6,周末,降水,3.6,24.7,0,113521,103983,1882417.25,2675995.97,111929,604195.18106112,1542274.08333333,2298988.50938026,62319,248610.45,1113626.58,9512,18.103125030053,25.7349371531885,5.39802179114546,13.7790392421386,20.5397038245696,0.223243998001556,0.0837906642823795
2025-02-17,2,0,节假日,无明显降水,-0.1,0,0,94308,87809,1680112.45,2449370.27,92874,566391.2398848,1285777.98333333,2055618.65718731,61883,273826.29,1218981.18,6560,19.1337157922309,27.8942963705315,6.09849085734221,13.8443265427712,22.1334136269279,0.224635371318858,0.069559316282818
2025-02-18,2,1,工作日,无明显降水,-4.8,0,0,116959,109707,2014256.66,3019346.86,113007,596104.44550272,1723312.33333333,2042772.98890523,80878,342599.95,1500392.6,9213,18.3603294229174,27.5219161949557,5.27493381385861,15.2496069565012,18.0765172857012,0.228340202424352,0.0787711933241563
2025-02-19,2,2,工作日,无明显降水,-4.6,0,0,123280,115695,2042642.5,3064093.41,119187,572907.8760768,1814006.8,2011588.45531631,85623,344383.43,1506321.56,9579,17.6554086174856,26.4842336315312,4.80679835952579,15.2198377339811,16.8775827507724,0.228625440374099,0.0777011680726801
2025-02-20,2,3,工作日,降雪,-4.5,1.2,0.84,141928,132834,2331755.42,3485594.63,136209,642592.35862272,2078600.06666667,2254790.93340417,94145,379045.93,1646244.9,12655,17.5539050243161,26.2402293840432,4.71769382803427,15.2603724178774,16.553905640627,0.230248810489861,0.0891649286962403
2025-02-21,2,4,工作日,无明显降水,-2.5,0,0,133659,124925,2220792.74,3307636.63,128286,634868.84317824,1928504.05,2234472.4471876,87840,356351.32,1556066.81,11833,17.7770081248749,26.4769792275365,4.94885523890557,15.0328488689335,17.4178978780818,0.229007724931811,0.0885312623916085
2025-02-22,2,5,周末,无明显降水,-1.5,0,0,141539,130438,2279087.87,3279797.42,139652,699028.65698688,2011459.41666667,2600138.52967317,84886,327224.17,1456073.83,11197,17.472576013125,25.144493322498,5.00550408864091,14.403369924288,18.618698834769,0.224730479497733,0.0791089381725178
2025-02-23,2,6,周末,无明显降水,2.4,0,0,108727,101046,1948030.35,2801630.08,107085,641125.18407168,1522451.36666667,2339326.82876432,68691,294947.52,1343715.92,7916,19.2786488332047,27.7262838707123,5.98706806809245,14.2172233895192,21.8455136458357,0.219501395800982,0.0728062026911439
2025-02-24,2,0,工作日,无明显降水,3.8,0,0,97142,91354,1751160.97,2604119.04,94214,535663.51990272,1470247.21666667,1789137.93584442,68519,297992.93,1323718.98,7165,19.1689577905729,28.5058020447928,5.68560426160358,15.6054006481698,18.9901494028957,0.225117970280973,0.0737580037470919
2025-02-25,2,1,工作日,无明显降水,6.2,0,0,115497,108728,1969031.2,2955912.07,111847,569094.08485248,1732964.61666667,1953029.14826704,82151,341755.35,1483122.08,8429,18.109697593996,27.1863004010007,5.088147959735,15.4940643617322,17.4616140644545,0.230429682497883,0.0729802505692789
2025-02-26,2,2,工作日,无明显降水,6.9,0.1,0,128687,120809,2238180.06,3342820.77,124433,635130.84438144,1986973.95,2122352.32055527,90011,382395.85,1658970.68,9903,18.5266003360677,27.6702958388862,5.104199403546,15.9682234616219,17.0561854215141,0.230501873607555,0.0769541600938712
2025-02-27,2,3,工作日,降水,7.8,2.1,0,143724,134595,2520246.54,3742033.5,138138,699620.60589696,2252695.26666667,2304783.86752574,98367,418680.06,1821428.41,12225,18.7246668895576,27.8021731862253,5.06464988559962,16.3075711727886,16.6846477256493,0.229863582725165,0.0850588628204058
2025-02-28,2,4,工作日,无明显降水,6.6,0,0,149097,138155,2600916.17,3799954.77,141725,734919.98937984,2244194.58333333,2465927.29024618,92624,389186.7,1704070.28,15157,18.8260733958235,27.5050108211791,5.18553529285475,15.8348532957018,17.399381127156,0.228386531100114,0.101658651750203
2025-03-01,3,5,周末,无明显降水,7.2,0,0,163877,151523,2757332.11,3910440.6,161864,798468.6226176,2327064.23333333,2982928.39294556,97240,366350.63,1633303.14,12089,18.1974492981264,25.8075711278156,4.93295990842683,14.3766633305326,18.428609159205,0.224300450435674,0.0737687411900389
2025-03-02,3,6,周末,无明显降水,-2.5,0,0,128535,118979,2308864.26,3272642.92,126619,729103.28908032,1771001.08333333,2699622.39203903,76740,320132.59,1447720.03,9691,19.4056451978921,27.5060550181124,5.75824551671013,13.9868509728661,21.3208317238253,0.221128797948592,0.0753958065896448
2025-03-03,3,0,工作日,无明显降水,-1.6,0,0,111043,104385,1976337.97,2942978.43,107056,591274.86853248,1652710.25,1989230.90347241,77214,332850.22,1465010.15,8610,18.933160607367,28.1934993533554,5.52304278632193,15.4378105851143,18.5812182733561,0.227199941242728,0.0775375305062003
2025-03-04,3,1,工作日,无明显降水,4.4,0,0,125628,117910,2144928.04,3201851.65,120735,597927.7035072,1857121.01666667,2082862.4556673,87304,362010.14,1574062.94,10393,18.1912309388517,27.1550474938512,4.95239742831159,15.3817949779821,17.2515215609997,0.229984539245934,0.0827283726557774
2025-03-05,3,2,工作日,降水,9.7,31.1,0,147795,137775,2622948.77,3815015.26,138828,649079.62428672,2177714.05,2225412.45432034,94029,387092.29,1672870.14,16020,19.0379152240973,27.6901851569588,4.67542300030772,15.6864180856888,16.0299972218886,0.231394105701474,0.108393382726073
2025-03-06,3,3,工作日,降水,9.1,2.8,0,146075,136966,2522184.94,3757658.86,140083,702011.17375488,2197082.78333333,2402050.43311364,99152,417227.98,1809659.25,12610,18.4146791174452,27.4349755413752,5.01139448580399,15.6841499920285,17.1473371723452,0.230556100547658,0.0863255177135033
2025-03-07,3,4,工作日,无明显降水,5.2,0,0,137560,128449,2376871.81,3503303.8,130964,666598.05793152,2052105.03333333,2263643.93770396,90747,373008.94,1647645.1,12891,18.5044010463297,27.2738892478727,5.08993355373629,15.6692299665048,17.2844746472616,0.226389129552232,0.0937118348357081
2025-03-08,3,5,周末,无明显降水,5.1,0,0,147338,137081,2398208.67,3451596.29,142760,693525.66611328,2042407.01666667,2604459.74636746,91365,343011.27,1530058.77,10573,17.4948291156324,25.1792465038919,4.85798309129504,14.3065775894275,18.2436238888166,0.224181761331952,0.0717601704923373
2025-03-09,3,6,周末,无明显降水,4.7,0,0,117152,109277,2175105.21,3085683.05,0,0,0,0,71888,310769.41,1418918.51,8429,19.9045106472542,28.2372598991554,,,,0.21901850445238,0.0719492624965856
2025-03-10,3,0,工作日,无明显降水,8.9,0,0,104942,98770,1941143.85,2872168.33,101879,589212.7034112,1665419.91666667,1900641.58031577,73239,326607.36,1449433.36,7576,19.6531725220209,29.0793594208768,5.78345589779248,16.347038316696,18.6558719688628,0.225334512791951,0.0721922585809304
2025-03-11,3,1,工作日,无明显降水,9.2,0,0,125628,118046,2229215.63,3308358.67,121613,621048.15096192,2005804.4,2050855.27127936,87886,376204.73,1644054.57,9563,18.8842962065635,28.0260124866577,5.10675792030391,16.493338705566,16.8637832409312,0.228827398350895,0.0761215652561531
2025-03-12,3,2,工作日,无明显降水,7.7,0,0,138537,130147,2420523.29,3617810.32,133917,671431.14327168,2170849.51666667,2244855.58277259,97641,416547.58,1803021.94,10727,18.5983794478551,27.797877169662,5.0137857275154,16.2104103038947,16.7630366777377,0.231027460486698,0.0774305781127064
2025-03-13,3,3,工作日,无明显降水,5.7,0,0,156523,146354,2778604.04,4096416.02,150050,753559.26674688,2455112.56666667,2490161.2307378,104413,446265.23,1948683.28,13981,18.9855011820654,27.9897783456551,5.02205442683692,16.3619631234033,16.5955430239107,0.229008600104579,0.0893223360145154
2025-03-14,3,4,工作日,无明显降水,6.7,0,0,144778,135055,2542843.01,3745122.44,138691,726302.4189696,2205757.28333333,2423447.81329813,95324,400690.6,1767311.39,13026,18.8282033986154,27.7303501536411,5.2368388645954,15.9041126196605,17.4737208131612,0.226723260126785,0.0899722333503709
2025-03-15,3,5,周末,无明显降水,6.6,0,0,152637,141461,2592565.37,3698203.57,150073,769930.43124096,2264943.55,2746156.39641909,93148,364434.83,1633533.76,11558,18.3270680258163,26.1429197446646,5.13037276019644,15.0922787576713,18.2988038915667,0.223095989151764,0.0757221381447487
2025-03-16,3,6,周末,降水,12.7,4.3,0,118673,110148,2225696.62,3145726.82,116479,709142.20920576,1766232.03333333,2480199.28644335,71695,316736.26,1446554.5,9032,20.2064188183172,28.5590915858663,6.08815502541883,15.1635233246622,21.2931025029692,0.218959092104722,0.0761082975908589
2025-03-17,3,0,工作日,降水,11.3,20.8,0,112332,104572,2203085.1,3203668.6,108585,660282.7828608,1901586.7,2047832.67126196,74008,350571.53,1589251.3,9477,21.0676385648166,30.6360077267337,6.08079184842105,17.5124252889441,18.859259301579,0.220589110104865,0.0843659865398996
2025-03-18,3,1,工作日,无明显降水,7.8,0,0,124753,116683,2236587.54,3301263.01,120628,633373.81088256,1973922.51666667,2099671.62809004,84973,367618.07,1613151.56,10128,19.1680668135033,28.2925791246368,5.25063675831946,16.3637175172155,17.4061712710983,0.22788811610485,0.0811844204147395
2025-03-19,3,2,工作日,无明显降水,8.9,0,0,128010,120120,2274925.66,3381907.56,123825,645077.55590784,2023233.65,2138769.60119025,89152,385035.59,1685432.37,9908,18.9387750582751,28.1544085914086,5.20959059889231,16.3394601251767,17.2725184832647,0.228449148630034,0.0774002031091321
2025-03-20,3,3,工作日,降水,8.5,5.8,0,152965,142733,2804555.11,4090505.83,147366,761641.2796608,2432635.33333333,2462726.61588756,98773,427977.53,1873795.26,13320,19.648960716863,28.6584449987039,5.16836502083791,16.5074395269827,16.7116337275054,0.22840143698517,0.0870787435034158
2025-03-21,3,4,工作日,降水,7.7,6.7,0,134326,125628,2436612.44,3578729.19,129168,714727.6145856,2098676.46666667,2314837.75368783,88701,388563.47,1722620.46,11544,19.3954567453116,28.4867162575222,5.53331796254181,16.2476500887733,17.9211395522717,0.225565340144631,0.0859401753941903
2025-03-22,3,5,周末,无明显降水,9.3,0.1,0,141789,131885,2470280.2,3531426.06,139292,731919.41577216,2079710.48333333,2617571.22918373,89891,361576.05,1624631.99,10253,18.7305622322478,26.7765557872389,5.25456893268932,14.9305809618164,18.7919710333955,0.222558740825976,0.0723116743894096
2025-03-23,3,6,周末,无明显降水,4.6,0,0,120719,112447,2304798.09,3270054.7,118358,740547.91362816,1765881.03333333,2574947.1795324,75164,337048.37,1540603.33,8992,20.4967503801791,29.0808532019529,6.25684713858092,14.9198282611512,21.7555820437351,0.218776867112185,0.0744870318673945
2025-03-24,3,0,工作日,降水,7,12.3,0,110683,103810,2112859.07,3081562.11,106709,617855.29293312,1815827.5,1922908.7177346,75492,338760.9,1520254.26,9015,20.3531362103844,29.6846364512089,5.79009542712536,17.0166293377316,18.0201174946312,0.222831738685606,0.0814488223123696
2025-03-25,3,1,工作日,无明显降水,10.1,0,0,119679,112621,2168753.13,3213085.91,115989,620602.81329024,1880006.36666667,2047264.5191554,84172,365202.33,1600957.38,8799,19.2570935260742,28.5300779605935,5.35053163050151,16.2084884486173,17.6505058165464,0.228114960811761,0.0735216704685032
2025-03-26,3,2,工作日,无明显降水,6.9,0.6,0,131245,123287,2349084.19,3497835.98,127089,659807.12514816,2053993.88333333,2196904.87931607,93023,403054.43,1751204.59,9966,19.0537866117271,28.3714907492274,5.19169342073791,16.1618541599457,17.2863495606706,0.230158390573885,0.0759343213074784
2025-03-27,3,3,工作日,无明显降水,5.8,0,0,142501,133146,2637488.48,3882650.75,137564,739662.85489536,2319786.15,2358561.13494929,97027,432510.94,1887903.3,11846,19.8089952383098,29.1608516215282,5.37686353184961,16.8633228897095,17.1451915831852,0.229095918207251,0.0831292411983074
2025-03-28,3,4,工作日,降水,10.5,1.2,0,136011,126945,2458811.36,3610538.86,130985,709310.99720448,2123638.78333333,2320848.72464269,90488,392356.52,1722248.23,11590,19.3691075662689,28.4417571389184,5.4152078268846,16.2128395108855,17.7184313062006,0.227816474515988,0.0852136959510628
2025-03-29,3,5,周末,降水,14.3,1.6,0,162739,150785,2897477.53,4071742.48,160016,824277.38266368,2451391.6,2906565.3003751,97348,385785.1,1748510.65,12505,19.2159533773253,27.0036308651391,5.15121851979602,15.3196655334467,18.1642167056738,0.22063640275797,0.0768408310239095
2025-03-30,3,6,周末,降水,6.7,2.8,0,136534,125102,2677604.42,3691398.46,134138,845215.26997248,2014691.81666667,2968483.66991924,73573,329018.09,1516863.87,12043,21.4033702099087,29.5071098783393,6.30108746196067,15.0195456669003,22.1300725366357,0.216906801267539,0.0882051357171107
2025-03-31,3,0,工作日,降水,14.1,11.6,0,114982,107474,2157618.05,3153224.45,110868,659981.73897216,1720506.96666667,2177971.04654225,76089,340253.98,1522184.07,9668,20.0757211046393,29.3394165100396,5.95286050954432,15.5185172156679,19.6447220707711,0.223530114856609,0.0840827259918944
2025-04-01,4,1,工作日,降水,9.6,12.9,0,128620,121010,2352578.78,3479163.6,124691,678311.39464704,2020627.65,2211103.08755733,90252,392184.21,1724079.09,9613,19.4411931245352,28.7510420626395,5.43993868560714,16.2050801581509,17.7326598355722,0.227474605007825,0.0747395428393718
2025-04-02,4,2,工作日,无明显降水,5.7,0,0,137067,128915,2399934.12,3580649.23,132378,660704.3505216,2170335.73333333,2169950.13146875,96932,408148.31,1777609.33,10522,18.616407089943,27.7752723112128,4.991043455269,16.3949880896624,16.3920752048585,0.229605179896305,0.0767653775161053
2025-04-03,4,3,工作日,降水,13.6,1.1,0,138142,130030,2537569.22,3764188.71,133465,702160.5691584,2290080.08333333,2200217.51999289,97964,431137.16,1883049.85,10430,19.5152597092979,28.9486173190802,5.2610090222785,17.1586564517539,16.4853521147334,0.228956848911886,0.0755020196609286
2025-04-04,4,4,工作日,降水,17.3,9.8,0,134827,126420,2432186.86,3587962.33,130236,690111.9739008,2165300.11666667,2214399.44693249,93451,397704.73,1761209.76,10565,19.2389405157412,28.3812872172125,5.29893404205289,16.6259722094249,17.002974960322,0.225813380684422,0.0783596757326055
2025-04-05,4,5,周末,降水,9.7,7.3,0,152891,142110,2592190.09,3715440.41,150152,750501.4004928,2346010.26666667,2631284.78584395,98081,382228.39,1721421.97,11274,18.2407296460488,26.1448202800647,4.99827774850019,15.6242358854139,17.5241407763063,0.222042239881486,0.0737388073856538
2025-04-06,4,6,周末,降水,9.3,6.1,0,122611,113965,2292289.1,3258641.77,120251,732197.6874432,1799623.41666667,2545771.23793135,75615,331932.05,1511019.12,9198,20.1139744658448,28.593355591629,6.08891142230169,14.9655588449715,21.1704787314147,0.219674288436536,0.075017739028309
2025-04-07,4,0,工作日,降水,6.5,11.4,0,115580,108830,2152716.53,3187602.83,111985,628962.51851136,1875081.93333333,1971061.54693683,82380,364945.43,1615779.89,8407,19.780543324451,29.2897439125241,5.6164889807685,16.7440454822819,17.6011211049411,0.22586333216463,0.072737497836996
2025-04-08,4,1,工作日,无明显降水,5.4,0.8,0,131298,123540,2279271.16,3409564.23,127105,635396.5309824,2050060.08333333,2113562.80100938,93262,392377.08,1702961.86,9903,18.4496613242674,27.5988686255464,4.99898926857637,16.1288704876546,16.6284788246676,0.230408612909276,0.0754238449938308
2025-04-09,4,2,工作日,无明显降水,4.4,0,0,137379,129036,2448535.88,3641197.41,133150,677959.60814208,2209291.73333333,2202112.06008491,96878,417064.68,1809478.75,10375,18.9756027775195,28.2184615921138,5.09169814601637,16.5925026912004,16.5385809995111,0.230488852107271,0.0755210039380109
2025-04-10,4,3,工作日,无明显降水,6.4,0.6,0,147333,138029,2637693.26,3912779.32,141444,722668.31100288,2377351.36666667,2313630.46557705,102386,442277.89,1926831.15,12529,19.1097034681118,28.3475162465859,5.10921856708577,16.8077215482217,16.3572188680824,0.229536402294513,0.0850386539336062
2025-04-11,4,4,工作日,降水,6.8,7.2,0,154401,143454,2680338.01,3917814.34,147284,731387.83335552,2390794.25,2400860.26655208,97597,401773.66,1774940.18,15092,18.6843030518494,27.3105967069583,4.96583358243611,16.2325456261373,16.3008898899546,0.226358986363135,0.097745480923051
2025-04-12,4,5,周末,降雪,4.1,14.7,0.56,149085,137546,2455208.79,3505045.84,146406,723716.71815168,2175604.48333333,2607408.79342803,88913,340122.27,1514633.38,11890,17.8500922600439,25.4827173454699,4.94321761506824,14.8600773420033,17.8094394589568,0.224557489945191,0.0797531609484522
2025-04-13,4,6,周末,无明显降水,9,0.5,0,109481,101753,1995489.02,2850208.64,107133,655072.22588544,1538495.68333333,2367399.76825149,68503,294558.13,1338456.53,8247,19.6111074857744,28.0110526470964,6.11456998203579,14.3606142209528,22.0977641646504,0.220072989594963,0.075328139129164
2025-04-14,4,0,工作日,无明显降水,11.6,0,0,99560,93193,1824951.38,2705148.8,96222,567796.85702784,1479440.98333333,1904266.66543515,70019,307232.12,1368233.99,7672,19.5824941787473,29.0273818849055,5.90090475180146,15.3752882223746,19.7903459233351,0.224546475416825,0.0770590598633989
2025-04-15,4,1,工作日,降水,13.1,1.9,0,121853,114383,2171519.61,3228894.41,117943,625582.2684672,1921683.4,2055745.53416216,86422,368782.01,1626655.76,9168,18.9846359161764,28.2287963246287,5.3041068013125,16.2933230458781,17.4299918957646,0.22671177213303,0.0752381968437379
2025-04-16,4,2,工作日,无明显降水,8.9,0,0,133649,125723,2352722.97,3514550.37,129171,667215.9977472,2088893.46666667,2200760.00506907,96092,404603.01,1779535.88,9974,18.7135446179299,27.954712900583,5.16536991853589,16.1715359226658,17.0375703917216,0.227364345134755,0.0746283174584172
2025-04-17,4,3,工作日,无明显降水,10.6,0,0,135182,126666,2484032.71,3669636.23,129880,701266.44981888,2232698.45,2179292.6777631,94203,414563.62,1839858.28,11333,19.6108877678304,28.9709648208675,5.39934131366554,17.1904715891592,16.7792783936179,0.225323670038325,0.0838351259783107
2025-04-18,4,4,工作日,无明显降水,12.5,0,0,125264,116692,2211723.96,3261781.19,120525,660420.60708096,1867282.13333333,2250744.27595712,83591,354394.34,1575612.73,10773,18.9535183217359,27.952054896651,5.47953210604406,15.4929029938464,18.6745013562093,0.224924775772788,0.0860023630093243
2025-04-19,4,5,周末,无明显降水,19.5,0.2,0,133739,123917,2312701.72,3285485.05,130908,704483.6572224,2008296.86666667,2496082.32225658,83392,332171.98,1518117.17,10467,18.6633127012436,26.5135941799753,5.3815172275369,15.3412844644076,19.0674544126912,0.218805232273343,0.0782643806219577
2025-04-20,4,6,周末,无明显降水,16.9,0,0,115234,106790,2159801.91,3039059.7,112541,724491.13448448,1696622.48333333,2525707.54979313,69026,301133.06,1399174.32,9406,20.2247580297781,28.4582798014795,6.4375750569524,15.0755945240697,22.4425547115552,0.21522197462858,0.08162521478036
2025-04-21,4,0,工作日,无明显降水,11.4,0.2,0,107604,101256,2067145.77,3043737.48,103666,637614.27138816,1718088.55,1998918.08732721,76715,346912.4,1563018.61,8617,20.4150447380896,30.0598234178715,6.15065953531688,16.5733080277044,19.2822920468351,0.221950268397636,0.0800806661462399
2025-04-22,4,1,工作日,无明显降水,17.6,0,0,124566,117199,2321203.7,3433393.12,120269,671002.52668416,2067992.9,2077126.77245679,89424,396199.83,1756568.93,9720,19.8056613111033,29.2954131007944,5.57918105816262,17.1947293151186,17.270674674744,0.225553249424718,0.0780309233659265
2025-04-23,4,2,工作日,无明显降水,16.4,0,0,135513,127138,2471288.3,3662611.89,130764,690595.43693184,2262631.26666667,2167484.47856587,96765,423432.56,1857238.68,10621,19.4378415579921,28.8081603454514,5.28123517888593,17.3031665188176,16.5755443284533,0.227990384089998,0.0783762443455609
2025-04-24,4,3,工作日,无明显降水,17.3,0,0,148070,138738,2797312.45,4104983.57,142064,757574.48346624,2599187.98333333,2255618.90369597,103283,463171.47,2055099.23,12600,20.1625542389252,29.5880261355937,5.33262813567294,18.2958946906559,15.8774841176932,0.22537669385434,0.0850948875531843
2025-04-25,4,4,工作日,无明显降水,18.3,0,0,147299,137152,2685490.01,3933030.93,141026,752963.6968128,2466318.4,2326288.49553793,98364,426861.01,1895413.66,13446,19.5803926300747,28.6764387686654,5.33918353220541,17.4883950477217,16.4954582526479,0.225207309100009,0.09128371543595
2025-04-26,4,5,周末,降水,18,16.7,0,158124,147352,2782168.17,3961802.17,154487,786426.3038016,2498852.33333333,2678523.53517968,101430,402319.21,1830973.14,12096,18.8811021906727,26.8866535235355,5.09056622111634,16.1751625271598,17.3381807866013,0.219729717061824,0.076496926462776
2025-04-27,4,6,周末,无明显降水,13.1,0,0,141189,130088,2677069.24,3764532.73,138043,851482.15206912,2161756.7,2904448.00147945,82567,369545.38,1695412.4,12371,20.5789099686366,28.9383550365906,6.16823853487044,15.660024050477,21.0401686538213,0.217967840744824,0.087620140379208
2025-04-28,4,0,工作日,无明显降水,16.5,0,0,109836,103111,2140731.88,3141004.01,105791,644042.10397824,1851647.48333333,1944312.65591304,77720,356549.05,1614060.88,8824,20.7614306911969,30.4623561986597,6.08787235188475,17.5028828854376,18.3788096899835,0.220901859662196,0.0803379584107214
2025-04-29,4,1,工作日,无明显降水,18.6,0,0,126205,118792,2344282.23,3467089.03,121761,663437.61209088,2112890.83333333,2058976.74457531,90479,400510.71,1764370,9807,19.7343443161156,29.1862164960603,5.448687281567,17.3527716866101,16.9099855009019,0.226999274528585,0.077706905431639
2025-04-30,4,2,工作日,无明显降水,19.4,0,0,139953,131136,2621756.35,3854483.27,134236,731534.25147264,2406088.56666667,2213097.03430217,98024,437864.18,1929344.55,12021,19.9926515220839,29.3930215196437,5.44961300599422,17.924316626439,16.4866133846522,0.226949706831784,0.085893121262138
2025-05-01,5,3,工作日,无明显降水,15.3,0,0,156794,146121,2994380.78,4365335.37,149625,826996.5785664,2744496.05,2450951.78200301,105511,480313.94,2120455.51,14961,20.49247390861,29.874798078305,5.52712834463759,18.3424965747703,16.3806301219917,0.226514509611192,0.0954181920226539
2025-05-02,5,4,工作日,降水,19.5,1.9,0,146704,136402,2694866.42,3926807.69,139590,760135.41648,2421523.35,2362679.96626894,96777,419171.49,1865723.28,14396,19.7567955015322,28.7884905646545,5.44548618439716,17.3473984526112,16.9258540459126,0.224669700214064,0.0981295670193042
2025-05-03,5,5,周末,降水,21.4,4.1,0,163714,150804,2872235,4031815.05,159832,842054.43788928,2549806.98333333,2873667.15061752,97232,380451.15,1732266.13,14284,19.0461459908225,26.7354649080926,5.26837202743681,15.9530443423928,17.9792979542115,0.219626270704721,0.0872497159680907
2025-05-04,5,6,周末,降水,18.4,11.2,0,142362,130747,2772893.8,3847291.89,138852,874481.52857472,2292876.73333333,2839313.40481006,79452,357831.51,1660533.96,13297,21.2080873748537,29.4254697239707,6.29793973853254,16.5130983589241,20.4484876329478,0.215491834927604,0.0934027338756129
2025-05-05,5,0,工作日,降水,16.1,16.7,0,136975,126599,2638686.53,3781458.62,128560,732881.64254976,2347123.9,2167637.67769813,85164,389940.04,1762900.39,15872,20.8428702438408,29.8695773268351,5.70069728181207,18.2570309583074,16.8609029067994,0.22119232726473,0.115875159700675
2025-05-06,5,1,工作日,降水,16.9,10.3,0,144659,134322,2699761.86,3934123.7,137792,754099.0085376,2440878.43333333,2330802.6849735,94822,425918.96,1881793.1,14589,20.0991785411176,29.2887516564673,5.47273432810033,17.7142245800433,16.9153701591783,0.226336763590004,0.100850966756303
2025-05-07,5,2,工作日,无明显降水,18.1,0,0,149191,138860,2831457.77,4128092.88,142083,785396.30754816,2565149.9,2357563.53932242,100216,455632.31,2019136.45,14723,20.3907372173412,29.7284522540688,5.52772891583201,18.0538832935678,16.5928614916804,0.225657017880094,0.0986855775482435
2025-05-08,5,3,工作日,无明显降水,19.1,0.3,0,165527,153879,3171130.31,4589769.4,156525,834374.87362944,2932220.76666667,2456518.17139048,108722,494981.6,2190575.67,17440,20.6079472182689,29.827133007103,5.33061730477202,18.7332424000426,15.6940946902442,0.225959599012619,0.105360454789853
2025-05-09,5,4,工作日,降水,14.7,25.3,0,163361,150722,3091315.08,4424387.67,153153,817636.84307712,2840488.18333333,2434725.60506062,100305,444305.9,1994980.62,19521,20.510045514258,29.3546242088083,5.33869296113769,18.5467355085002,15.8973419068554,0.222711887797687,0.11949608535697
2025-05-10,5,5,周末,无明显降水,16.5,0,0,159042,146337,2847544.39,4006515.71,155281,844167.00766464,2605453.23333333,2778720.0324173,96250,393181.03,1800275.75,14276,19.4588134921448,27.3786924017849,5.43638312262698,16.7789570735205,17.8947845030448,0.218400447820285,0.0897624526854542
2025-05-11,5,6,周末,无明显降水,19.1,0,0,147131,135132,2853353.06,3960599.12,143432,905499.04313088,2383551.36666667,2930619.99382669,83363,373415.21,1727929.97,13790,21.1153025190184,29.3091134594323,6.31308943004964,16.6179887798167,20.4321211014745,0.21610552307279,0.0937259992795536
2025-05-12,5,0,工作日,无明显降水,17.7,0,0,128395,119218,2520151.88,3659338.86,122557,748113.64898688,2209436.5,2217817.27764475,84597,400327.2,1785798.18,12686,21.1390216242514,30.6945164320824,6.10420986958623,18.0278278678492,18.0962105603495,0.224172700187207,0.0988044705790724
2025-05-13,5,1,工作日,降水,17.8,3.2,0,151232,140692,2851086.13,4148193.25,143883,766388.6030592,2643336.75,2291974.22512408,100432,451294.81,1994884.71,15088,20.2647352372558,29.4842155204276,5.32647083435291,18.3714319968308,15.9294303366213,0.226226010825458,0.0997672450275074
2025-05-14,5,2,工作日,降水,16.4,13.9,0,162687,150008,3265130.59,4622627.28,153390,803800.50803712,3033967.86666667,2282807.89549161,99584,463128.5,2069981.29,19060,21.766376393259,30.8158716868434,5.24024061566673,19.7794371645262,14.8823775701911,0.223735597146388,0.117157486461733
2025-05-15,5,3,工作日,降水,18.3,1.5,0,168506,155797,3315720.44,4772217.12,159002,901894.9655232,2992496.91666667,2609860.79391599,108078,504852.86,2240012.6,18978,21.2823124963895,30.6309949485548,5.6722240319191,18.8204985891163,16.414012364096,0.225379473311891,0.112625069730455
2025-05-16,5,4,工作日,降水,19,1.2,0,163298,150316,3310934.02,4668328.39,153897,886673.19451392,3000877.58333333,2521198.054963,99493,462211.3,2107603.06,19201,22.0264909923095,31.0567630192395,5.76147159797735,19.4992597863073,16.3823729829886,0.219306618391416,0.117582579088538
2025-05-17,5,5,周末,降水,21.8,3.2,0,178775,163243,3465394.56,4742711.92,174203,1004676.41210112,3046643.68333333,3163303.23420982,98366,418247.89,1935086.73,17885,21.2284420158904,29.0530798870396,5.76727388220134,17.4890425729369,18.1587184733318,0.216139092639016,0.100041952174521
2025-05-18,5,6,周末,无明显降水,20.1,0,0,143435,131119,3042853.31,4162576.94,139514,942435.75710592,2556790.11666667,2819470.23731634,78900,388507.41,1815414.04,14392,23.2068068700951,31.7465580121874,6.75513394430609,18.3264053547792,20.2092280152267,0.21400485037562,0.100338132255028
2025-05-19,5,0,工作日,无明显降水,17.2,0,0,135273,118836,2291007.82,3454397.63,128136,781302.715776,2304601.85,2323730.44963956,85949,405400.13,1815059.62,20056,19.2787355683463,29.0686124575045,6.09744892751452,17.9855922613473,18.1348758322373,0.223353616340162,0.14826314194259
2025-05-20,5,1,工作日,无明显降水,14.3,0,0,150975,133849,2483089.6,3754288.32,143088,796759.77287808,2600549.15,2388313.79422909,96555,436135.5,1933487.03,21251,18.5514243662635,28.0486841141884,5.56832000501845,18.1744740998546,16.6912235423592,0.225569395208201,0.140758403709223
2025-05-21,5,2,工作日,降水,12.3,3.8,0,164489,146125,2720965.37,4109348.22,155222,827402.56777728,2879763.65,2462857.76851802,105903,477432.03,2117181.36,23643,18.6208066381523,28.1221435072712,5.33044650743632,18.5525482856812,15.8666797781115,0.225503605416212,0.143736055298531
2025-05-22,5,3,工作日,降水,10.7,17.6,0,162538,141407,2772716.89,4128641.97,152417,839256.09444864,2936645.88333333,2403747.88556822,100357,461611.58,2076715.36,26857,19.6080596434406,29.1968712298542,5.50631553205115,19.2671807169367,15.77086470386,0.222279658007634,0.165235206536318
2025-05-23,5,4,工作日,降水,12.6,1.1,0,135205,117104,2216354.35,3322380.35,127623,756199.81400832,2317560.58333333,2239222.50383827,83312,375946.96,1711326.71,21653,18.9263761272032,28.3711944083891,5.92526279752333,18.1594272453502,17.5456030953533,0.219681582600905,0.160149402758774
2025-05-24,5,5,周末,无明显降水,14.3,0.6,0,120189,97975,1701915.56,2514725.48,117083,712169.20824192,1806520.33333333,2444450.18991481,68482,282209.99,1291277.82,23239,17.3709166624139,25.6670117887216,6.08260130199875,15.4293990872572,20.8779258296662,0.218550946689381,0.193353801096606
2025-05-25,5,6,周末,无明显降水,15.5,0,0,113633,101075,2074959.82,2870613.44,110683,739824.17553792,1749217.58333333,2493409.64182702,59605,262011.52,1228402.04,13762,20.5289123917883,28.4008255255998,6.68417169337586,15.8038504859223,22.5274851768295,0.213294598566443,0.121109184831871
2025-05-26,5,0,节假日,无明显降水,16.7,0,0,98478,87939,1956544.02,2731989.35,95759,732242.86172928,1523959,2376349.94219707,54995,272899.67,1285952.49,11751,22.2488772899396,31.066868511127,7.64672627877568,15.9145250054825,24.8159435896059,0.212215981633972,0.119326143910315
2025-05-27,5,1,工作日,无明显降水,17.4,0,0,124634,116039,2413474.82,3494369,118569,718096.4543808,2115698.68333333,2138918.16873382,83535,378177.71,1713122.91,12331,20.7988247054869,30.1137462404881,6.05635920333983,17.843607379107,18.0394383754086,0.220753401750958,0.0989376895550171
2025-05-28,5,2,工作日,降水,15.5,7.9,0,156093,144139,2970749.03,4254688.38,147359,776309.14665216,2774864.96666667,2279687.93457623,98476,435493.75,1960218.21,17762,20.6103069259534,29.5179540582355,5.2681488517984,18.8306446614504,15.4702999788017,0.222165954677056,0.113791137334794
2025-05-29,5,3,工作日,降水,16.2,1.7,0,148813,138392,2850758.45,4113128.18,141633,785959.73888256,2613514.2,2312722.66801551,98253,435706.22,1955661.99,15049,20.5991563818718,29.7208522168911,5.54926986565673,18.4527207642287,16.3289817204713,0.222792191200689,0.101126917675203
2025-05-30,5,4,工作日,降水,18.8,1.2,0,146887,135781,2736361.25,3932699.91,139345,781619.57951616,2468617.88333333,2387243.69386195,92207,399997.83,1808996.6,15734,20.1527551719313,28.9635509386438,5.60924022760889,17.7158698434342,17.131893457691,0.221115855054675,0.107116354748889
2025-05-31,5,5,周末,降水,16.5,28.6,0,153139,140961,2773842.02,3870131.91,149184,851271.5211264,2416156.21666667,2802268.53692623,89613,362481.29,1676148.8,13969,19.678081313271,27.4553380722327,5.70618512123552,16.1958133356571,18.7839750705587,0.216258419300244,0.0912177825374333
2025-06-01,6,6,周末,无明显降水,15.2,0,0,131543,121079,2634527,3652926.18,127814,861039.5954688,2164678.65,2740298.60827057,75540,352304.18,1651411.27,12391,21.7587442909175,30.1697749403282,6.73666105018856,16.9361623139875,21.4397374956622,0.213335216005883,0.0941973347118433
2025-06-02,6,0,工作日,无明显降水,17.2,0,0,114582,106220,2190169.53,3214937.54,109019,688104.97709184,1828700.53333333,2137911.85240868,77880,363735.01,1624546.39,11817,20.619182169083,30.2667815853888,6.31178947790605,16.7741451795864,19.6104518699371,0.223899429550916,0.103131381892444
2025-06-03,6,1,工作日,无明显降水,19.4,0,0,140542,130879,2581129.2,3780235.76,134116,748761.57088128,2269847.63333333,2378674.24149016,93616,415808.75,1823176.2,13878,19.7214923708158,28.8834401240841,5.58293992425423,16.924510374104,17.73594680344,0.228068329325493,0.0987462822501459
2025-06-04,6,2,工作日,无明显降水,21.5,0,0,158251,146571,2994839.12,4319495.89,149559,810684.70230528,2749164.91666667,2418875.19492764,102445,457982.14,2033859.38,17582,20.4326853197426,29.4703310341063,5.42050095484244,18.3818086284788,16.1733843829368,0.225178861677251,0.111101983557766
2025-06-05,6,3,工作日,无明显降水,24,0,0,177033,162632,3414221.51,4847949.3,166327,915686.8022016,3024212.38333333,2758247.57935654,106499,480398.23,2129047.57,21770,20.9935406930985,29.8093198140587,5.50534069755121,18.1823298883124,16.5832822052736,0.225639970082961,0.122971423406935
2025-06-06,6,4,工作日,无明显降水,24.6,0,0,163265,148832,3258210.86,4523204.49,152041,872834.26843008,2692245.16666667,2703175.57641288,89298,397866.27,1802895.03,22265,21.8918704310901,30.3913438642227,5.74078221289047,17.7073629262282,17.7792541249589,0.220681882960208,0.136373380700089
2025-06-07,6,5,周末,降水,22,12.5,0,163491,149108,3202168.75,4350947.97,159127,931106.94095232,2672637.63333333,3045181.35772257,86605,364756.69,1698900.81,16748,21.475499302519,29.179842597312,5.85134478091286,16.7956263445759,19.1367986433639,0.214701581077002,0.102439889657535
2025-06-08,6,6,周末,降水,19.6,2.2,0,139566,127514,2979309.11,4043294.65,135783,926117.74924416,2395195.75,2865946.02238672,73774,355612.28,1691183.79,14180,23.3645647536741,31.7086331696912,6.82057215736992,17.6398794399888,21.1068102957419,0.210274177237709,0.1016006763825
2025-06-09,6,0,工作日,降水,17.4,8.6,0,128329,118916,2465510.18,3585431.23,122268,739414.01812608,2107359.08333333,2287961.20655634,84067,387607.78,1729653.42,13157,20.7332081469272,30.1509572303138,6.04748599900285,17.2355733579786,18.7126738521636,0.22409563414155,0.102525539823423
2025-06-10,6,1,工作日,降水,19.7,1.4,0,140750,130803,2662281.6,3867727.38,134553,739747.32936192,2409886.38333333,2251864.72459954,92972,417862.77,1853749.09,13926,20.3533680420174,29.5691030022247,5.49781371921785,17.9103132842325,16.7358938455444,0.225414956238765,0.0989413854351687
2025-06-11,6,2,工作日,无明显降水,23.3,0,0,151681,140386,2835096.35,4110143.03,143996,771157.58822784,2571699.65,2368152.54883454,98691,438081.6,1936874.65,16214,20.1950076930748,29.2774424087872,5.35540979074308,17.8595214450401,16.445960643591,0.226179634288672,0.106895392303584
2025-06-12,6,3,工作日,无明显降水,25.4,0.5,0,166905,154160,3202025.29,4593067.12,157178,848826.42869376,2895981.45,2527405.03404901,104552,471942.33,2090830.55,19399,20.7707919693825,29.7941562013492,5.40041499887872,18.4248523966458,16.0798905320656,0.225720027861655,0.116227794254216
2025-06-13,6,4,工作日,无明显降水,22.6,0.3,0,146494,134650,2707560.59,3882214.31,137996,774140.1693696,2394971.73333333,2411959.64418616,89323,388038.84,1753843.92,17269,20.1081365763089,28.8318923876717,5.6098739772863,17.3553706870731,17.4784750585971,0.221250497592739,0.117881961035947
2025-06-14,6,5,周末,降水,17.5,14.5,0,146112,133647,2602472.49,3618345.29,142168,800331.87282048,2272578.28333333,2724682.26422888,79906,321815.29,1471283.48,14471,19.4727340681048,27.0738983291806,5.62947971991222,15.9851603970889,19.1652289138828,0.21873098853798,0.0990404621112571
2025-06-15,6,6,周末,无明显降水,16.9,0.1,0,124793,114233,2357673.74,3279863.46,121304,783027.41755392,1903579.58333333,2637557.28686206,68966,303247.47,1414428.84,12364,20.6391650398746,28.7120487074663,6.45508324172261,15.6926365439996,21.7433661450741,0.214395706184837,0.0990760699718734
2025-06-16,6,0,工作日,降水,18.1,1.1,0,119655,110735,2273630.06,3299558.64,114384,694570.11427584,1951274.05,2150498.36680733,77619,351453.64,1593435.83,11868,20.5321719420238,29.7968902334402,6.07226635085187,17.0589772170933,18.8006921143458,0.220563409823664,0.099185157327316
2025-06-17,6,1,工作日,降水,18.7,3.7,0,136462,126287,2497738.95,3625148.2,129565,689498.07353856,2283124.28333333,2154361.1757873,88152,382717.43,1706069.48,14540,19.7782744858932,28.7056324087198,5.32163835556331,17.6214585986442,16.6276477118612,0.224326989308782,0.106549808737964
2025-06-18,6,2,工作日,降水,22.1,5.2,0,157094,144846,2918486.71,4201662.93,148021,785022.714432,2599115.58333333,2450400.57324157,97522,427969.82,1896219.57,18172,20.148894066802,29.0077940019055,5.30345501268063,17.5591002853199,16.5544116932163,0.225696341695282,0.115675964709028
2025-06-19,6,3,节假日,降水,25.5,6.8,0,143551,131880,2605978.82,3767119.79,135368,746866.80972288,2236166.83333333,2406702.97258134,87446,381354.33,1680596.76,16959,19.7602276311799,28.5647542462845,5.51730696858105,16.5191687351023,17.7789652841243,0.226916021187617,0.118139197915723
2025-06-20,6,4,工作日,无明显降水,24.2,0,0,139990,128050,2659483.95,3784669.34,131904,777564.70856064,2369514.01666667,2344727.90694926,83308,370656.21,1696265.62,16912,20.7691054275674,29.5561838344397,5.89492895257642,17.9639284378538,17.7760182174101,0.218513071083761,0.120808629187799
2025-06-21,6,5,周末,无明显降水,26.1,0,0,156852,141606,2905938.43,3971279.54,152774,908495.91524736,2598457.71666667,2915464.12723744,80120,332115.13,1541533.15,17122,20.5212945072949,28.0445711339915,5.94666576280885,17.0085074467296,19.0835098068875,0.215444688944899,0.109160227475582
2025-06-22,6,6,周末,无明显降水,26.7,0,0,135361,123100,2713650.03,3717700.94,131758,907221.91025664,2223273.71666667,2873543.4829977,70054,330504.86,1549167.26,14178,22.0442731925264,30.2006575142161,6.88551670681583,16.8739182187546,21.8092524400621,0.213343561107792,0.104742133997237
2025-06-23,6,0,工作日,降水,30.4,1.6,0,141452,129055,2755664.38,3912334.01,132935,811901.63995776,2403548.51666667,2430840.9091909,83388,383825.84,1741429.24,18001,21.3526355429855,30.3152455154779,6.107508481271,18.0806297563972,18.2859360528898,0.220408519154071,0.127258716737833
2025-06-24,6,1,工作日,无明显降水,31.8,0,0,157478,144223,2948649.32,4207250.29,146912,785307.3269184,2539346.68333333,2472228.21569278,94965,410298.82,1817943.79,20425,20.4450699264334,29.1718400671183,5.34542669705946,17.2848146055689,16.8279528948811,0.225693897829481,0.129700656599652
2025-06-25,6,2,工作日,无明显降水,31,0.3,0,158048,145708,2999049.45,4284748.03,148423,773563.41266688,2659328.01666667,2398123.58429803,98237,425904.69,1891620.62,18955,20.5825997886183,29.4064020506767,5.21188368828874,17.9172231841875,16.1573582551089,0.225153334393236,0.119931919416886
2025-06-26,6,3,工作日,无明显降水,23.9,0.6,0,152619,141109,3047666.07,4329544.81,144253,809928.10141056,2788889.9,2326200.11781165,96244,438221.08,1978313.27,17042,21.5979566859662,30.6822726402993,5.61463610053559,19.3333233970871,16.1258352880817,0.221512480680069,0.111663685386485
2025-06-27,6,4,工作日,降水,19.6,1.1,0,138091,127267,2654619.42,3807133.72,130886,784196.316288,2349928.46666667,2353033.23739975,85351,386272.45,1757375.66,15309,20.8586626541051,29.9145396685708,5.99144535158841,17.9540093414625,17.9777305242711,0.219800728320091,0.110861678168744
2025-06-28,6,5,周末,无明显降水,22.8,0,0,142498,130458,2686550.86,3722953.76,138588,810701.77744512,2335927.06666667,2619710.44410449,81520,341595.28,1586007.36,13797,20.5932243327354,28.5375658066198,5.84972564323838,16.855189963537,18.9028663672503,0.215380639847724,0.0968224115426181
2025-06-29,6,6,周末,无明显降水,27.7,0,0,129609,118296,2640955.13,3599501.29,125838,826399.76943744,2156794.85,2633733.39278891,69531,318125.97,1506414.72,13205,22.3249740481504,30.4279205552174,6.56717183551423,17.1394558877287,20.9295554028903,0.211180869236328,0.10188335686565
2025-06-30,6,0,工作日,无明显降水,26.4,0.5,0,112248,103547,2048167.88,2960776.3,106894,624846.78216576,1759782.16666667,2015476.64111303,70865,301494.5,1376311.06,11549,19.780079384241,28.5935497889847,5.84548040269576,16.4628713180035,18.854908985659,0.219059854100133,0.10288824745207
2025-07-01,7,1,工作日,降水,26.1,26.3,0,131232,121266,2311787.57,3357473.19,123705,654842.26672128,2030097.58333333,2131058.1355015,82191,337300.56,1521683.91,14846,19.0637736051325,27.6868470140023,5.29357961861913,16.4107965185994,17.2269361424477,0.221662697346915,0.113127895635211
2025-07-02,7,2,工作日,降水,25.4,11.6,0,112077,103664,2057774.16,2972577.07,106559,607627.67041152,1799982.15,1920349.85125958,71326,303319.57,1388323.48,11585,19.8504221330452,28.6751145045532,5.70226513397761,16.8918829005527,18.0214702771195,0.218479031990441,0.103366435575542
2025-07-03,7,3,工作日,无明显降水,26.1,0.2,0,105205,96363,1922386.47,2730262.37,98954,572217.90202368,1686190.1,1804359.4973877,61421,256333.39,1199120,12582,19.9494252980916,28.3330984921599,5.78266570349536,17.0401408735372,18.234326024089,0.213767921475749,0.119595076279645
2025-07-04,7,4,节假日,无明显降水,23.7,0,0,88000,78545,1651620.37,2240759.56,85667,572225.06360448,1332852.31666667,2000399.67052595,40659,176250.11,844969.47,10223,21.0276958431472,28.5283539372334,6.6796440123324,15.5585268150708,23.3508780571977,0.208587548139461,0.116170454545455
2025-07-05,7,5,周末,无明显降水,24.9,0,0,94523,85485,1799408.67,2444580.53,92044,623533.55746176,1455440.03333333,2079356.2769481,48217,205317.54,995891.02,9718,21.0494083172486,28.5966020939346,6.7742987860345,15.8124378920227,22.5908943217167,0.20616466649132,0.102810956063604
2025-07-06,7,6,周末,无明显降水,26.5,0,0,95780,87822,1961410.72,2711548.39,93092,690196.80242304,1539638.61666667,2178099.08400594,54534,260209.66,1258331.75,9041,22.333933638496,30.8755026075471,7.41413657911571,16.5388928873229,23.3972745671588,0.20678939397341,0.0943934015452078
2025-07-07,7,0,工作日,降水,27.1,4.8,0,102560,94877,1980300.38,2858984.05,97881,636339.63875328,1635999.96666667,1969048.58539063,66443,300759.69,1405512.39,10285,20.8722912823972,30.1335840087692,6.50115588064364,16.7141729923751,20.1167599982696,0.21398579773459,0.100282761310452
2025-07-08,7,1,工作日,降水,28.1,18.4,0,131646,121680,2398195.92,3474602.14,125342,683163.7921152,2099572.96666667,2168834.75755528,84867,359161.69,1625843.33,13709,19.7090394477318,28.5552444115713,5.45039804786265,16.7507536712887,17.3033361327829,0.220907933361574,0.104135332634489
2025-07-09,7,2,工作日,无明显降水,27.7,0.1,0,135850,125591,2509174.84,3635783.82,129542,708409.5714432,2283248.56666667,2180059.87157108,88313,381952.41,1733874.76,14057,19.9789382997189,28.9493978071677,5.46857059056677,17.6255466695486,16.8289811147819,0.220288350007471,0.103474420316526
2025-07-10,7,3,工作日,降水,25.5,7.3,0,128907,119370,2442187.85,3522802.75,122718,692050.911552,2229703.05,2065168.75394762,83526,370589.99,1690554.7,13255,20.4589750356036,29.5116256178269,5.63935943832201,18.1693235711143,16.8285724502324,0.219212066903248,0.102826068405905
2025-07-11,7,4,工作日,无明显降水,25.4,0.7,0,123906,113775,2275938.38,3269805.51,117509,679424.8032,2029284.33333333,2107781.96920938,75330,324495.08,1497853.94,13760,20.0038530432872,28.7392266315096,5.78189588201755,17.2691822186669,17.9371960378301,0.216640001627929,0.111051926460381
2025-07-12,7,5,周末,无明显降水,25.3,0,0,135899,123821,2509732.52,3463175.26,132573,774882.54366336,2213166.31666667,2523208.85827434,74057,306807.05,1443691.67,13327,20.269037723811,27.969207646522,5.8449499043045,16.6939445940476,19.0325998376317,0.212515633618638,0.0980654750954753
2025-07-13,7,6,周末,无明显降水,25.4,0.6,0,118655,108322,2327050.92,3208723.14,115395,772333.08527232,1896295.85,2503246.9155046,64621,292112.66,1393246.49,11928,21.4827174535182,29.6220817562453,6.69295104009983,16.4330850556783,21.6928542441579,0.209663302291901,0.100526737179217
2025-07-14,7,0,工作日,降水,26,10.9,0,135790,124149,2609168.28,3701985.86,126470,734053.40591616,2118647.33333333,2304572.2808444,78917,352590.11,1600873.02,17888,21.0164260686755,29.8188939097375,5.80417020571013,16.7521731108827,18.2222841847427,0.220248642831147,0.131732822740997
2025-07-15,7,1,工作日,降水,26.5,3.7,0,133160,123275,2536282.68,3683674.34,126739,731362.32525312,2268537.85,2210102.00484431,87846,399617.84,1794092.37,13857,20.5741851957007,29.8817630500913,5.77061776764153,17.8992879066428,17.4382155835561,0.222740950623406,0.104062781616101
2025-07-16,7,2,工作日,无明显降水,28.4,0.4,0,144099,133212,2647926.58,3838427.91,136594,724905.63712512,2388564.36666667,2254039.83939068,93750,406195.28,1824792.86,15488,19.8775379094976,28.8144304567156,5.30700936443123,17.4865979960076,16.5017485350065,0.222598021344735,0.10748166191299
2025-07-17,7,3,工作日,降水,29,3.5,0,147555,135692,2759612.75,3978670.68,139393,772677.25958016,2477041.46666667,2355225.09918643,92684,408636.71,1846920.4,16974,20.3373282875925,29.321335671963,5.54315682695803,17.7701998426511,16.8962939257095,0.221253016643273,0.115035071668192
2025-07-18,7,4,工作日,无明显降水,26.2,0,0,128147,117289,2387216.04,3411172.59,120966,714556.15507584,2133636.18333333,2178537.28516162,76146,333777.43,1547802.55,15097,20.3532815524047,29.0834825942757,5.90708261061654,17.6383131072643,18.0095008941489,0.215646000841645,0.117810015060829
2025-07-19,7,5,周末,降水,24.4,1.5,0,136618,124350,2484757.02,3424642.28,133167,783321.28376832,2167040.18333333,2612204.27877999,73082,294409.3,1389403.84,13613,19.9819623642943,27.5403480498593,5.88224773230846,16.2731020698321,19.6160030546606,0.21189613237286,0.0996427996310881
2025-07-20,7,6,周末,无明显降水,27.3,0.4,0,123668,112658,2369250.92,3279863.83,120332,792424.68294528,1917977.28333333,2638099.22201498,66988,296888.51,1410564.15,12436,21.0304720481457,29.1134569227219,6.5853196402061,15.9390460005097,21.9235051525362,0.210475014553574,0.100559562700133
2025-07-21,7,0,工作日,无明显降水,25.9,0,0,111065,102273,2147461.54,3087238.13,105918,671411.34834048,1835788.86666667,2041557.21683503,70470,320352.74,1486474.66,11669,20.9973457315225,30.1862478855612,6.33897305784173,17.332170798794,19.2748845034369,0.21551173970231,0.105064601809751
2025-07-22,7,1,工作日,无明显降水,22.7,0,0,122815,113763,2290327.34,3315359.66,117099,656408.75389056,2087981.05,2014120.08675233,79956,350696.77,1587280.35,12493,20.1324449952972,29.1426883960514,5.60558803995389,17.8309041921793,17.2001476251063,0.220941921192435,0.101722102349062
2025-07-23,7,2,工作日,无明显降水,24,0,0,130109,120176,2402164.16,3480708.27,123953,681754.11942528,2176103.58333333,2110959.52141094,84386,366001.72,1656175.67,13552,19.988717880442,28.9634225635734,5.50010180814728,17.5558766898206,17.0303221496127,0.22099208835739,0.104158820681121
2025-07-24,7,3,工作日,无明显降水,25.7,0,0,134309,123873,2552261.81,3666318.71,127473,709585.64785152,2389980.3,2087257.70076414,85482,379925.8,1742279.48,14604,20.6038588715862,29.5973998369298,5.56655643039326,18.7489138876468,16.3741160933228,0.218062489033045,0.108734336492715
2025-07-25,7,4,工作日,降水,28,2.7,0,136717,124492,2520370.23,3570713.96,128407,720940.4870976,2223435.61666667,2246275.29837489,79353,335766.88,1558702.68,17331,20.2452384892202,28.6822764514989,5.61449521519543,17.3155327720971,17.4934022161945,0.215414321350881,0.126765508312792
2025-07-26,7,5,周末,无明显降水,25.6,0,0,140303,126639,2606645.55,3577134.62,136878,825073.1710848,2306591.26666667,2641321.0809213,73152,305990.83,1452091.89,14954,20.5832764788098,28.2467061489746,6.02779972738351,16.8514389943356,19.2969000198812,0.210724150521907,0.106583608333393
2025-07-27,7,6,周末,降水,25.1,10,0,118498,107998,2281452.81,3137485.37,115479,755618.8730112,1815917.8,2537812.88237862,63821,279189.09,1337702.14,11812,21.1249542584122,29.0513284505269,6.54334444367547,15.7250911421124,21.9764016174249,0.208707963941808,0.0996810072743844
2025-07-28,7,0,工作日,无明显降水,28.4,0,0,120676,110770,2286130.43,3297261.65,114889,711329.42035584,1963436.71666667,2200796.64225669,75609,340671.67,1564510.17,13175,20.6385341699016,29.7667387379254,6.19144931504182,17.0898581819553,19.1558516677549,0.217749731853772,0.109176638271073
2025-07-29,7,1,工作日,降水,30.2,1,0,138855,127512,2523726.79,3636138.18,131078,694424.3720832,2257076.15,2200641.04353872,87154,368716.7,1664776.68,16091,19.7920728245185,28.5160469602861,5.2977949929294,17.2193361967683,16.7887902129932,0.221481177883871,0.115883475568039
2025-07-30,7,2,工作日,降水,29.8,2.2,0,142714,131303,2581939.92,3725205.28,134022,691191.6023232,2306521.51666667,2187430.7045942,89580,377278.18,1690009.67,16998,19.6639826965111,28.3710599148534,5.1572995651699,17.210021613367,16.3214300980003,0.22324024927029,0.119105343554241
2025-07-31,7,3,工作日,降水,25.7,28,0,141252,129228,2795260.5,3906607.23,131942,718994.42005248,2512491.4,2120869.3864311,83485,367467.76,1698228.71,18300,21.6304554740459,30.2303465967128,5.44932182362311,19.0423928695942,16.0742552517856,0.216382962928474,0.129555687707077
2025-08-01,8,4,工作日,降水,20,12.5,0,123017,112404,2321607.49,3300611.13,116044,697564.08957312,2027235.88333333,2131709.99998578,71819,316593.76,1468587.81,14921,20.654135884844,29.3638227287285,6.01120341916101,17.4695450288971,18.369842473422,0.215577003870133,0.121292179129714
2025-08-02,8,5,周末,无明显降水,21.6,0,0,128385,116204,2375711.4,3266413.44,125032,755766.14408064,2073478.63333333,2464062.62757335,68062,284453.61,1345168.47,13315,20.4443168909848,28.1093029499845,6.04458173971975,16.5835836692473,19.7074559118734,0.211463185722752,0.103711492775636
2025-08-03,8,6,周末,无明显降水,22.6,0,0,110518,100889,2110491.56,2932553.48,107746,716454.7625664,1707584.36666667,2405013.11622374,61177,273595.57,1291760.09,10719,20.9189461685615,29.0671280317973,6.64947898359475,15.8482390684264,22.3211359700011,0.21180060610171,0.0969887258184187
2025-08-04,8,0,工作日,无明显降水,24,0,0,104976,96346,1962799.41,2831885.17,99837,617543.48253312,1679038.31666667,1935326.66020035,66051,291375.72,1351977.27,11464,20.3724016565296,29.3928670624624,6.18551721839719,16.817796174431,19.3848639302097,0.215518209119004,0.109205913732663
2025-08-05,8,1,工作日,无明显降水,24.2,0.2,0,117350,108552,2103146.36,3074910.7,111697,624180.65859072,1871187.63333333,1996025.89493285,77144,328900.12,1487805.65,12063,19.3745519198172,28.3266148942442,5.58815956194634,16.7523535397847,17.8700045205588,0.221063900382419,0.102795057520239
2025-08-06,8,2,工作日,无明显降水,22.7,0,0,126606,116873,2294775.55,3341653.46,120818,666822.38439168,2107619.2,2057826.1631024,82767,352932.82,1615016,12855,19.6347792047778,28.5921766361777,5.5192304490364,17.4445794500819,17.0324468465162,0.218532088846179,0.1015354722525
2025-08-07,8,3,工作日,无明显降水,22.3,0,0,121435,112224,2271375.75,3272250.39,115744,669200.1579648,2077638.16666667,2011073.06117627,77486,336569.25,1565362.43,12510,20.2396613023952,29.1582049294269,5.78172655139618,17.950288279882,17.3751819634388,0.215010430523748,0.103018075513649
2025-08-08,8,4,工作日,无明显降水,21.7,0,0,115301,105706,2131248.76,3048553.22,109233,653608.17346176,1913651.06666667,2002929.03004123,70012,299212.65,1407749.66,13022,20.1620415113617,28.8399260212287,5.98361459871797,17.5189829691272,18.3362997449601,0.212546774829269,0.112939176589969
2025-08-09,8,5,周末,无明显降水,22.2,0,0,114591,104290,2091639.33,2898167.09,111736,684751.21684992,1873254.63333333,2212571.83111567,63597,261045.98,1253441.91,11218,20.0559912743312,27.7895012944673,6.12829541821723,16.7650053101358,19.8017812622223,0.208263325102956,0.0978959953224948
2025-08-10,8,6,周末,无明显降水,24,0,0,102518,93752,2083850.81,2864795.72,99666,696095.82066816,1745780.68333333,2162625.27515858,57766,267819.92,1311337.08,10109,22.2272677916204,30.5571691270586,6.98428572098971,17.5163113131192,21.6987264980894,0.204234230911857,0.0986070738797089
2025-08-11,8,0,工作日,无明显降水,24.9,0,0,99271,91585,1893879.17,2728078.16,94922,611370.85971456,1620417.08333333,1881303.08590856,64346,283110.72,1341628.97,9874,20.6789230769231,29.7873905115466,6.4407709457719,17.0710381506219,19.819463200402,0.211020130252554,0.0994651005832519
2025-08-12,8,1,工作日,无明显降水,25.3,0,0,114356,106033,2049060.15,2990728.09,108911,612620.91766656,1818744.98333333,1951157.88533197,76452,317654.42,1460031.29,11409,19.3247399394528,28.2056349438382,5.62496825542471,16.6993690566915,17.91515903198,0.217566857762343,0.0997673930532722
2025-08-13,8,2,工作日,无明显降水,26,0.1,0,133784,123809,2420133.21,3503588.81,125659,660085.84743552,2138270.3,2092958.83285181,86160,354214.86,1612651.45,15219,19.5473124732451,28.2983370352721,5.25299300038612,17.0164516668126,16.6558609638133,0.219647500394459,0.113757997966872
2025-08-14,8,3,工作日,降水,26.6,6,0,122929,113568,2315277.74,3342398.43,116963,689973.29672832,2079708.03333333,2082998.13497094,79996,346856.59,1609042.57,12819,20.3867087559876,29.430811760355,5.89907318321452,17.7809053575347,17.8090347799812,0.215567068558043,0.104279706171855
2025-08-15,8,4,工作日,无明显降水,26.3,0.1,0,117970,107798,2197830.26,3130592.83,111672,678486.02456448,1967929.8,2064572.10762419,70805,302760.58,1433075.24,13746,20.388414070762,29.0412886138889,6.07570406695036,17.6224102729422,18.4878224409358,0.211266353328385,0.116521149444774
2025-08-16,8,5,周末,无明显降水,25.2,0.6,0,121116,110294,2220141.46,3073632.33,118031,723617.48600064,1986133.16666667,2324011.39728046,67880,277529.65,1330861.26,11846,20.1293040419243,27.8676295174715,6.13074095788937,16.8272162962837,19.6898390870234,0.208533870765763,0.0978070609993725
2025-08-17,8,6,周末,降水,26,9,0,114925,104660,2237361.97,3075763.98,111862,740434.61581056,1855644.7,2406792.66376959,62748,276060.48,1341794.84,11537,21.3774313969043,29.3881519205045,6.61917912973628,16.5886958931541,21.5157306660849,0.205739709060142,0.10038720904938
2025-08-18,8,0,工作日,无明显降水,21.1,0.1,0,94578,83192,1636399.37,2429666.06,90181,608959.1933568,1542283.2,1855088.21764436,61177,275648.99,1308078.36,13254,19.6701530195211,29.2055252908934,6.75263296433617,17.102085805214,20.5707213009876,0.210728193684054,0.140138298547231
2025-08-19,8,1,工作日,无明显降水,20.6,0,0,106803,95798,1729741.31,2609108.37,101840,609058.71518976,1724238.91666667,1901284.7725656,70500,299784.71,1392838.47,13413,18.0561317564041,27.2355202613833,5.98054512165907,16.930861318408,18.6693320165515,0.21523293365095,0.12558635993371
2025-08-20,8,2,工作日,降水,19.1,6.7,0,131971,117158,2056389.49,3119193.24,124038,671734.37586816,2166421.51666667,2059909.22376267,84432,349623.3,1608800.83,19266,17.552275474146,26.6238177503884,5.41555310363082,17.4657888442789,16.6070818923448,0.217319194197581,0.145986618272196
2025-08-21,8,3,工作日,降水,18.4,3.3,0,114316,101014,1908684.83,2858728.92,109155,666002.27878272,1960411.68333333,1969735.11782208,75198,329496.75,1552462.14,15579,18.8952504603322,28.3003239154969,6.10143629501828,17.9598889957705,18.0453036308193,0.212241407703508,0.136280135764023
2025-08-22,8,4,工作日,无明显降水,21.2,0,0,113566,96790,1818949.39,2717483.24,106957,671492.57193216,1935166.25,1983132.55919534,69894,306461.19,1466805.86,19610,18.7927408823226,28.07607438785,6.27815451005694,18.0929368811765,18.5414003683288,0.208930982863676,0.172674920310656
2025-08-23,8,5,周末,无明显降水,22,0,0,126453,102272,1781509.14,2629809.49,123315,758764.7381952,2069422.61666667,2432481.24006583,71095,294125.24,1409409.73,25019,17.4193243507509,25.7138756453379,6.15306117013502,16.7815968589926,19.7257530719364,0.208686823809567,0.197852166417562
2025-08-24,8,6,周末,无明显降水,22.2,0,0,112040,98949,2091314.87,2928432.86,108964,759050.89565184,1817216.33333333,2430872.73603659,63255,287445.68,1404725.07,14338,21.1352804980343,29.5953760017787,6.96607040538013,16.6772175519744,22.3089528287929,0.204627714090701,0.127972152802571
2025-08-25,8,0,工作日,无明显降水,23.8,0.1,0,98938,90571,1969140.3,2803111.05,94215,650699.57386368,1656121.93333333,1949571.07422637,62573,283533.43,1378224.59,10970,21.7413995649822,30.9493220788111,6.90653902100175,17.5781131808452,20.6927885604879,0.205723676719482,0.110877519254483
2025-08-26,8,1,工作日,无明显降水,21.3,0,0,107467,99214,2064320.54,2975560.33,102514,643813.43228928,1813492.3,1939534.02964009,71460,315408.13,1488789.26,11020,20.8067464269156,29.9913351946298,6.28024886639171,17.6901915835886,18.9196990619827,0.211855457635421,0.102543106255874
2025-08-27,8,2,工作日,无明显降水,19.6,0,0,113448,104363,2203704.08,3163845.04,107966,674955.252576,1976565.56666667,1990269.65423747,74350,332892.13,1570478.07,12245,21.1157601832067,30.315773214645,6.25155375373729,18.3072964328276,18.4342260918944,0.211968658690026,0.107934912911642
2025-08-28,8,3,工作日,无明显降水,20,0,0,116428,106883,2303354.91,3287716.91,110253,709734.78576,2046274.15,2047819.40998044,74108,337636.43,1605639.68,13259,21.5502456892116,30.7599609853765,6.43732856031128,18.559804721867,18.573820304032,0.210281568278133,0.113881540522898
2025-08-29,8,4,工作日,无明显降水,20.7,0,0,113409,103209,2246601.05,3187501.38,107400,719875.16574336,1939236.46666667,2111466.78736242,68681,314786.36,1518916.21,13647,21.767491691616,30.8839479115193,6.70274828438883,18.0562054624457,19.6598397333559,0.207244058577793,0.120334364997487
2025-08-30,8,5,周末,无明显降水,18.7,0,0,116815,105507,2190457.49,3040196.91,113876,749416.52560896,1889857.4,2392805.25758316,66263,285188.9,1385639.51,11975,20.7612527130901,28.8151204185504,6.58098743904739,16.5957480066037,21.0123753695525,0.205817528976205,0.102512519796259
2025-08-31,8,6,周末,无明显降水,19.4,0,0,111187,100186,2190937.34,3001611.19,108272,760062.3522624,1830279.76666667,2409800.8823839,59706,270818.4,1334455.49,12105,21.8686976224223,29.960385582816,7.0199345376681,16.9044606792769,22.2569166763697,0.202942999620017,0.108870641351957
2025-09-01,9,0,节假日,无明显降水,19.9,0,0,97739,88655,2049253.67,2848506.94,95010,735002.74184832,1538904.45,2364945.30583636,55622,280451.95,1344962.16,10266,23.1149249337319,32.1302457842197,7.73605664507231,16.1972892327123,24.8915409518615,0.208520327441777,0.105034837679944
2025-09-02,9,1,工作日,无明显降水,19.6,0,0,118663,109944,2354309.8,3379221.18,112948,726651.19600128,2061615.16666667,2122957.29082274,78322,354394.28,1669906.33,12089,21.4137178927454,30.7358398821218,6.43350210717569,18.2527815159779,18.7958820946165,0.212224047321265,0.10187674338252
2025-09-03,9,2,工作日,无明显降水,19.6,0,0,131645,122421,2479655.87,3595845.2,125697,723098.27943936,2258880.61666667,2170135.00456139,88995,386620.75,1791224.57,12656,20.2551512403918,29.3727808137493,5.7527091294093,17.9708395321023,17.2648114478579,0.215841584843826,0.096137339055794
2025-09-04,9,3,工作日,降水,20.9,1.5,0,150634,139534,2847498.98,4085650.54,142987,774781.20327168,2645242.21666667,2293170.84070778,97659,417113.12,1925024.13,15938,20.4072052689667,29.2806809809795,5.41854296734444,18.4998791265406,16.0376176904738,0.216679424169088,0.105806126106988
2025-09-05,9,4,工作日,降水,23,4.6,0,146773,135360,2766778,3964213.84,138831,806691.77500032,2548253.4,2377454.10294622,92293,398904.12,1870043.27,16424,20.4401447990544,29.2864497635934,5.81060263918232,18.355074875208,17.1248071608374,0.213312775377652,0.111900690181437
2025-09-06,9,5,周末,降水,23.6,17,0,147716,135535,2743854.55,3807345.09,143697,807018.29480448,2552306.55,2517640.95846347,86012,349105.94,1673244.41,13947,20.2446198398938,28.0912317113661,5.61611094737176,17.7617246706612,17.5204837850719,0.208640135244797,0.0944176663326925
2025-09-07,9,6,周末,降水,18.7,10.2,0,128447,117845,2528432.51,3512699.05,124899,828424.91964672,2097066.8,2611186.68008604,72995,331600.99,1597009.96,12307,21.4555773261488,29.8077903177903,6.63275862614368,16.7901008014476,20.9063858004151,0.20763864866566,0.0958138376139575
2025-09-08,9,0,工作日,无明显降水,18,0,0,124165,114963,2418499.02,3482273.38,118535,727878.07939968,2188240.81666667,2132393.46056149,81309,367896.6,1719250.2,12518,21.0371947496151,30.290383688665,6.14061736533243,18.4607146974874,17.9895681491669,0.213986655345452,0.100817460637056
2025-09-09,9,1,工作日,无明显降水,18.1,0,0,140607,130319,2647425.5,3820591.32,133936,730890.43340544,2481716.9,2174162.788469,93053,406483.73,1862285.13,14347,20.3149617477114,29.3172240425418,5.45701255379764,18.5291251045275,16.2328484385751,0.21827147919073,0.102036171741094
2025-09-10,9,2,工作日,降水,18.5,4.1,0,152500,140887,3011010.65,4297433.6,144457,792615.599424,2878533.05,2224449.27130539,99433,450452.28,2082943.12,16684,21.3718132262026,30.5026979068331,5.48686183033013,19.9265736516749,15.398694914787,0.216257599967492,0.109403278688525
2025-09-11,9,3,工作日,无明显降水,20.5,0,0,155042,143413,3005421.24,4310911.54,146866,811652.3686656,2899330.23333333,2291613.4440649,100257,453435.63,2083473.13,16768,20.9564072991988,30.0594195784204,5.5264824306892,19.7413304191122,15.6034306378937,0.217634498602821,0.108151339637002
2025-09-12,9,4,工作日,无明显降水,20.1,0,0,160809,147621,3122889.12,4415839.81,151140,844829.0756928,3038755.1,2341171.70077387,95997,425493.46,2007958.03,19448,21.1547755400654,29.9133579233307,5.58971202655022,20.1055650390367,15.4900866797265,0.211903562546076,0.120938504685683
2025-09-13,9,5,周末,无明显降水,20.3,0.1,0,166054,152252,3028874.39,4197643.73,161891,890486.53512192,2815526.18333333,2841386.78571363,93877,372959.49,1771808.48,15601,19.89382333237,27.5703684023855,5.50053143857237,17.3914929386645,17.5512337666308,0.210496503549864,0.0939513652185434
2025-09-14,9,6,周末,无明显降水,21.2,0,0,145175,132719,2804298.88,3884755.94,141111,896452.51817088,2384426.48333333,2874295.68868973,80367,355736.69,1698848.44,14470,21.1295962145586,29.2705335332545,6.35281812311499,16.8975238169479,20.3690406041324,0.209398720700476,0.0996728086791803
2025-09-15,9,0,工作日,无明显降水,21.1,0,0,129123,119428,2509069.69,3617535.65,123005,753130.71453312,2274699.18333333,2192269.06391701,84145,382509.62,1778570.3,13304,21.0090572562548,30.2905152058144,6.12276504640559,18.4927375580938,17.8226012269177,0.215065786266643,0.103033541661826
2025-09-16,9,1,工作日,无明显降水,19.8,0,0,143628,133280,2687559.81,3902956.68,136673,749657.50877952,2535687.96666667,2215715.88041903,96680,423187.52,1930733.51,14630,20.1647644807923,29.2838886554622,5.48504465973177,18.5529546191762,16.2118039438589,0.219184842345229,0.101860361489403
2025-09-17,9,2,工作日,降水,19.1,7.5,0,149550,139047,2856780.71,4138549.62,143096,775172.01636864,2714829.66666667,2251403.02414208,102028,454157.25,2065440.81,14326,20.5454321919926,29.7636742971801,5.41714664538939,18.972086338309,15.733514732362,0.21988393363836,0.095794048813106
2025-09-18,9,3,工作日,无明显降水,21.4,0,0,161368,149303,3195327.98,4576608.67,152591,846505.83511296,3053496.36666667,2333587.89929536,105729,484054.96,2217741.3,17689,21.401632787017,30.6531594810553,5.54754759529042,20.0109860127181,15.2930900203509,0.218264844506435,0.109619007485995
2025-09-19,9,4,工作日,无明显降水,22.7,0,0,154853,142570,2984353.63,4257403.28,146403,835103.43975168,2834874.05,2343349.94179736,96309,428396.48,1993484.89,17323,20.9325498351687,29.8618452689907,5.70414158010205,19.3634969911819,16.0061606783833,0.214898282976201,0.111867383906027
2025-09-20,9,5,周末,无明显降水,18.5,0,0,157189,144196,2968975.1,4116256.29,153985,879879.23616384,2841507.26666667,2642813.79189816,92938,384166.04,1841679.83,13760,20.5898575549946,28.5462584953813,5.71405809763185,18.4531432715308,17.1628002201394,0.208595453858014,0.0875379320435908
2025-09-21,9,6,周末,无明显降水,17,0,0,137149,125857,2795706.17,3860770.3,134091,890141.65270272,2450198.78333333,2675211.30231285,79880,367643.77,1778072.92,12369,22.2133546008565,30.6758487807591,6.63834002806094,18.2726565044137,19.9507148303231,0.206765293967809,0.0901865853925293
2025-09-22,9,0,工作日,无明显降水,17.4,0,0,119281,110197,2400506.24,3422421.29,113669,711016.80528384,2245594.06666667,1993659.92638185,78571,360832.54,1718109.84,12297,21.7837712460412,31.0573000172418,6.2551514070137,19.7555539915603,17.5391701025068,0.210017154665734,0.103092697076651
2025-09-23,9,1,工作日,降水,21.6,1.2,0,116230,107740,2249924.29,3231314.51,110830,645863.7848256,2072751.41666667,1928828.03885967,78100,348038.17,1626898.13,11732,20.8829059773529,29.991781232597,5.82751768316882,18.702079009895,17.4034831621372,0.213927451007642,0.100937795749806
2025-09-24,9,2,工作日,降水,22.1,7.6,0,135110,125360,2617519.06,3775287.68,129048,745371.68086656,2368634.55,2210435.85512113,90899,408234.17,1875605.04,13299,20.8800180280791,30.115568602425,5.77592586376046,18.354678491724,17.1287881650326,0.217654656120992,0.0984309081489157
2025-09-25,9,3,工作日,降水,23.2,15.2,0,152610,141422,3111286.5,4426092.74,144761,829577.06510976,3009693.15,2244943.6367102,99847,465807.88,2160400.91,16303,22.0000176775891,31.2970594391255,5.7306668585445,20.7907734127286,15.5079312571079,0.215611777352936,0.106827861870126
2025-09-26,9,4,工作日,无明显降水,22.9,0,0,155068,142729,3045573.73,4334343.86,146349,856078.873056,2882193.8,2386600.33084371,96894,437680.17,2052585.04,17870,21.3381564363234,30.3676467991789,5.84957104630712,19.6939767268652,16.3075957529174,0.213233635377173,0.115239765780174
2025-09-27,9,5,周末,降水,21.6,1.7,0,163525,149966,2987782.61,4156688.19,159342,871418.737728,2823382.55,2726475.01309235,95831,384290.79,1828157.36,15389,19.9230666284358,27.7175372417748,5.46885778845502,17.7190103676369,17.110837149605,0.210206625757861,0.09410793456658
2025-09-28,9,6,周末,降水,22.7,2.7,0,137923,126234,2677968.35,3721123.99,133918,856159.83915264,2228961.36666667,2740898.95083847,78747,348267.94,1662729.6,13724,21.2143190424133,29.4779852496158,6.39316476614525,16.6442253219632,20.4669943610154,0.209455548274356,0.099504796154376
2025-09-29,9,0,工作日,无明显降水,21.1,0,0,124005,114958,2479196.34,3552392,118336,729585.28760832,2299480.48333333,2061389.39303885,82413,376378.88,1786923.38,12298,21.5661053602185,30.9016510377703,6.16537053481882,19.4317915370921,17.4197994949876,0.210629557043459,0.0991734204265957
2025-09-30,9,1,工作日,无明显降水,21.2,0,0,140212,130293,2613752.24,3790056.9,133190,730500.08701824,2446255.78333333,2175622.85024577,94684,406971.91,1863525.65,14283,20.0605730162019,29.0887223411849,5.48464664778317,18.3666625372275,16.3347312128971,0.218388145073292,0.101867172567255
2025-10-01,10,2,工作日,无明显降水,17,0,0,134788,125534,2510165.5,3648953.16,128363,704829.73055616,2335217.05,2110923.87489766,92548,397347.03,1827242.94,13046,19.9959015087546,29.0674491372855,5.49091039128222,18.1922910028591,16.4449559054997,0.217457143383463,0.0967890316645399
2025-10-02,10,3,工作日,无明显降水,14.6,0,0,131610,122533,2337583.23,3445563.27,125603,704520.52729344,2047043.43333333,2274123.82801566,89538,375480.11,1697669.81,12634,19.0771729248447,28.1194720605878,5.6091058915268,16.2977272305067,18.1056489734773,0.221173815890618,0.095995745004179
2025-10-03,10,4,工作日,无明显降水,16.1,0,0,142411,131706,2679233.14,3853434,134634,758172.03289344,2553710.55,2176825.12003011,92524,397197.92,1855779.84,15405,20.3425291178838,29.2578470229147,5.63135636535675,18.9677982530416,16.1684650239175,0.21403288872887,0.108172823728504
2025-10-04,10,5,周末,无明显降水,19,0,0,147441,135534,2689335.9,3767141.75,143302,801659.45287296,2533691.26666667,2502823.56573294,90475,365876,1738003.66,13684,19.8425184824472,27.7948097894255,5.59419584425172,17.6807809148977,17.4653777737431,0.210515091780647,0.0928100053580754
2025-10-05,10,6,周末,无明显降水,20.4,0,0,126681,116618,2606475.16,3623139.85,122833,832862.29948416,2244643.58333333,2505729.91445806,76595,363007.38,1746522.27,11963,22.3505390248504,31.0684444082389,6.78044417611033,18.2739457908977,20.3994847838778,0.207845835255224,0.0944340508837158
2025-10-06,10,0,工作日,无明显降水,20,0,0,120305,111864,2339090.06,3390161.49,114638,689396.08940928,2110432.06666667,2028890.90667824,81630,369795.15,1712114.21,11741,20.9101235428735,30.3060992812701,6.01367861799124,18.4095331972528,17.6982406067643,0.215987431118862,0.097593616225427
2025-10-07,10,1,工作日,无明显降水,21.4,0.3,0,134464,125480,2451630.23,3600971.46,128248,691126.45607808,2235856.65,2152373.93402974,93517,401781.88,1811442.47,12852,19.5380158591011,28.6975729996812,5.38898428106544,17.4338519898946,16.7829044821732,0.221802175147191,0.0955794859590671
2025-10-08,10,2,工作日,降水,19.1,6.7,0,148781,138663,2836835,4124667.51,141989,769072.16808576,2613084.2,2289679.31765051,102019,453629.86,2042378.72,14368,20.4584856811118,29.7459849419095,5.41642076559283,18.4034270260372,16.1257514149019,0.222108591104004,0.0965714708195267
2025-10-09,10,3,工作日,无明显降水,12.7,0,0,161996,150808,3301765.59,4711523.21,153705,843397.77341952,3157898.88333333,2297835.09345792,108675,502175.24,2299871.87,16629,21.8938358044666,31.2418652193518,5.48711995978999,20.545192956204,14.9496444062192,0.218349224820077,0.102650682732907
2025-10-10,10,4,工作日,无明显降水,12.2,0,0,156523,144931,3102991.13,4427517.13,147446,862468.64466048,2922239.4,2381288.63953597,100065,454333.35,2124871.17,17696,21.4101270949624,30.5491380726001,5.8493865188644,19.8190483295579,16.1502423906784,0.213816892249519,0.113056867041904
2025-10-11,10,5,周末,无明显降水,15.8,0.5,0,154062,142119,2858636.46,4008072.08,149917,840066.25431168,2658535.68333333,2620527.04382782,95272,394989.14,1857849.2,13883,20.1143862537732,28.2022254589464,5.6035423221628,17.7333836945332,17.4798524772228,0.212605597913975,0.0901130713608807
2025-10-12,10,6,周末,降水,15.2,8.7,0,129745,119501,2521208.6,3519356.26,126097,792677.02808448,2137703.38333333,2540683.98256066,77512,342449.11,1645800.74,12141,21.0978033656622,29.4504335528573,6.2862481112515,16.9528488650272,20.148647331504,0.20807446592836,0.093575860341439
2025-10-13,10,0,节假日,降水,13.7,23.6,0,111776,103326,2097073.4,3003124.3,108764,690877.29744,1680310.18333333,2278244.46462672,72248,326763.01,1500536.55,9880,20.29569904961,29.064555871707,6.35207695046155,15.449139267895,20.9466778035629,0.217764112443646,0.0883910678499857
2025-10-14,10,1,工作日,无明显降水,14.1,0.2,0,138883,129667,2721092.01,3952129.52,132578,778373.45220096,2455350.1,2272253.00186901,95810,437162.25,2011580.8,13225,20.985231477554,30.4790696167876,5.87106044895051,18.5200417867218,17.1389898917543,0.217322739409722,0.09522403749919
2025-10-15,10,2,工作日,无明显降水,15.5,0,0,145866,136656,2808044.15,4092852.89,139446,796121.7162624,2612010.38333333,2296569.1142921,102258,456442.98,2087089.11,13474,20.5482682794755,29.9500416373961,5.70917571147541,18.7313396105541,16.4692362225671,0.218698366932689,0.092372451428023
2025-10-16,10,3,工作日,无明显降水,11.8,0,0,161124,150185,3274267.56,4689321.52,152444,856581.68040192,3182810.98333333,2278421.72018408,109137,507184.52,2338724.1,16894,21.8015618071046,31.2236343176749,5.61899241952402,20.8785585745148,14.9459586483173,0.216863767727027,0.104850922271046
2025-10-17,10,4,工作日,无明显降水,12,0,0,153266,142566,3026685.67,4335010.18,144137,829368.88036992,2853845.81666667,2285852.53307009,100476,454138.37,2115685.09,16982,21.2300665656608,30.4070408091691,5.754031791767,19.7995366676611,15.858887954308,0.214653103217738,0.110800829929665
2025-10-18,10,5,周末,无明显降水,12.9,0.1,0,152005,140509,2838320.64,3975737.24,147633,834712.30478592,2651338.73333333,2554235.66906005,94560,392300.5,1853203.18,13872,20.2002764235743,28.2952496993075,5.65396831864095,17.9589843282554,17.3012515430835,0.211687797772935,0.0912601559159238
2025-10-19,10,6,周末,无明显降水,16.3,0,0,138148,127493,2791776.16,3886598.63,134110,872398.1844864,2407282.68333333,2622728.63383218,82623,382206.49,1824659.45,13161,21.8974858227511,30.4848001851082,6.50509420987548,17.9500610195611,19.5565478624426,0.209467300870856,0.0952673943886267
2025-10-20,10,0,工作日,降水,16,5.5,0,116664,107356,2188167.33,3271891.4,113042,715252.53431808,2016742.85,2114119.53855092,86964,400815.95,1851412.24,11392,20.3823477961176,30.4770241067104,6.32731669926293,17.8406508200492,18.7020712527283,0.216492006123931,0.0976479462387712
2025-10-21,10,1,工作日,无明显降水,14.3,0.1,0,136594,122229,2389004.74,3574186.91,130203,745016.46645888,2515669.6,2121417.12029222,94285,427179.65,1964016.05,18109,19.5453185414263,29.2417258588387,5.72196083391996,19.3211339216454,16.2931508513031,0.217503135985065,0.132575369342724
2025-10-22,10,2,工作日,降水,14.7,7.7,0,146668,133604,2578751.83,3872030.09,139868,786646.12409856,2714219.16666667,2221241.96600918,102066,462724.43,2115896.34,17350,19.3014567677614,28.981393446304,5.62420370705637,19.4055764482703,15.8809875454655,0.218689555462816,0.118294379142008
2025-10-23,10,3,工作日,无明显降水,12.3,0,0,159683,143457,2832070.2,4229004.25,151730,861216.71986944,3060958.01666667,2343687.74040137,109642,499855.35,2312403.55,21255,19.7415964365629,29.47924639439,5.67598180893324,20.1737165798897,15.4464360403438,0.216162680601316,0.1331074691733
2025-10-24,10,4,工作日,无明显降水,10.9,0,0,153628,133154,2554816.08,3818772.61,145086,838245.42641664,2836990.51666667,2330419.92083583,100592,443113.71,2088112.15,25167,19.1869270168376,28.6793683253977,5.77757624041355,19.5538543806202,16.0623348967911,0.212207811730802,0.163817793631369
2025-10-25,10,5,周末,无明显降水,11,0,0,156208,129628,2330997.86,3421847.75,151941,849356.25692544,2665704.75,2644078.56659905,96250,390772.23,1843435.53,29114,17.9822095534915,26.3974430678557,5.5900399294821,17.5443412245543,17.4020084545913,0.211980415718688,0.186379698863054
2025-10-26,10,6,周末,无明显降水,11.1,0.1,0,126178,114913,2394179.66,3421690.35,122483,801007.89386112,2064637.96666667,2515286.57139903,82231,370136.11,1757802.23,13781,20.8347154804069,29.7763555907513,6.53974750668354,16.856526756094,20.5358014695838,0.21056755059413,0.10921872275674
2025-10-27,10,0,工作日,无明显降水,8.8,0,0,122358,109974,2197214.74,3264747.48,116913,722132.99490816,2228576.65,2040520.19589558,84970,381280.57,1814143.07,15463,19.9794018586211,29.6865393638496,6.17666978786072,19.0618378623421,17.4533216656452,0.210171169134968,0.126375063338727
2025-10-28,10,1,工作日,无明显降水,9.2,0,0,135723,122787,2396367.68,3571777.99,130086,724373.78112,2566833.51666667,2021186.14683952,96370,425814.14,1993331.13,16290,19.5164608631207,29.0892194613436,5.56842228310502,19.731819847383,15.5373072186056,0.213619369903685,0.120023872151367
2025-10-29,10,2,工作日,无明显降水,10.7,0.8,0,144101,130695,2535559.54,3785364.75,137532,772523.56722816,2711086.4,2155134.67025746,101584,450293.98,2101120.63,17505,19.4005856383182,28.9633478709974,5.61704597641393,19.7124043858884,15.6700598424909,0.21431134108659,0.12147729717351
2025-10-30,10,3,工作日,降水,13.9,34.1,0,163361,137775,2736253.45,3994969.09,152482,806147.75235456,3202378.96666667,2208446.17959093,96163,429566.68,2040037.57,31630,19.8603044819452,28.9963279985484,5.28683878985428,21.0016852262344,14.483323799471,0.210568023999676,0.193620264322574
2025-10-31,10,4,工作日,降水,12.5,5.4,0,169103,148507,2822552.78,4168169,159300,932585.67059328,3127618.7,2623365.9486767,103206,444742.76,2146134,26430,19.0061935127637,28.0671550835987,5.85427288508023,19.6335134965474,16.468085051329,0.207229725636889,0.156295275660396
2025-11-01,11,5,周末,无明显降水,11.4,0,0,182674,149553,2680816.65,3893896.78,174833,990563.04458496,3096201.4,3078923.52593079,100960,402332.78,1919958.04,36475,17.9255290766484,26.0369018341324,5.66576701529437,17.7094793317051,17.610654315437,0.209552902520724,0.199672640879381
2025-11-02,11,6,周末,无明显降水,9.6,0,0,151740,135572,2901337.91,4006601.88,0,0,0,0,85775,371339.22,1760445.43,20597,21.4007162983507,29.5533139586345,,,,0.210934808697819,0.135738763674707
2025-11-03,11,0,工作日,无明显降水,10.8,0.3,0,129574,116512,2282333.63,3403486.61,123323,751150.46502144,2321725.1,2157868.49316196,86734,391061.22,1853685.07,16954,19.5888288759956,29.2114684324361,6.09091949613162,18.8263754530785,17.4976970489037,0.210964217346801,0.130844150832729
2025-11-04,11,1,工作日,无明显降水,11.6,0,0,131285,120084,2226847.2,3276028.93,127915,721030.14365184,2301524.96666667,2172062.55671587,91304,385197.31,1825594.06,13321,18.5440791445988,27.2811442823357,5.63679117892225,17.9926120210035,16.9805148474836,0.210998336618164,0.101466275659824
2025-11-05,11,2,工作日,无明显降水,12,0.1,0,142312,130215,2497724.37,3745301.78,135337,755192.60606592,2623718.15,2148560.385921,100348,446322.62,2062527.21,16430,19.1815410666974,28.7624450332143,5.580089746824,19.386554674627,15.8756318369773,0.216395991207311,0.11545055933442
2025-11-06,11,3,工作日,无明显降水,10.3,0.5,0,157892,140240,2784191.98,4149394.94,149886,835170.71033088,2999509.41666667,2296765.09838596,109088,493447.97,2294296.45,22154,19.853051768397,29.5878133200228,5.57203948554822,20.0119385177179,15.3234131165417,0.21507594190803,0.140311098725711
2025-11-07,11,4,工作日,无明显降水,9.5,0.8,0,147501,130863,2532652.67,3788950.8,140261,813935.04610176,2714662.6,2277631.90241642,100512,448385.82,2102655.37,20830,19.35346637323,28.9535682354829,5.80300330171438,19.3543650765359,16.2385260508368,0.213247413911677,0.141219381563515
2025-11-08,11,5,周末,降水,13.7,8.1,0,153136,131570,2342334.62,3453689.77,149323,800038.03879296,2647916.75,2509823.10363263,98642,401049.45,1867128.15,23796,17.8029537128525,26.2498272402523,5.35776831963569,17.7328124267527,16.8080141949507,0.214794817377693,0.155391286176993
2025-11-09,11,6,周末,降水,12.3,6.2,0,132892,120153,2427259.99,3440359.45,129217,792005.78679552,2157011.53333333,2555713.93117766,82144,354794.75,1674101.27,15220,20.2014097858564,28.6331548109494,6.12926926639312,16.692939267537,19.7784651491496,0.211931474133581,0.114529091292177
2025-11-10,11,0,工作日,降水,9.9,6.8,0,131577,115957,2298815.23,3420926.38,125356,755559.74571264,2324641.08333333,2187040.67483153,90425,402225.37,1905366.38,18894,19.8247214915874,29.5016806229896,6.02731218061074,18.5443144590872,17.4466373754071,0.211101326349634,0.143596525228573
2025-11-11,11,1,节假日,降水,3.3,1.1,0,130976,116625,2257083.99,3310326.59,127463,715463.69634432,2368161.91666667,2158687.96057184,89446,400047.93,1856716.48,16715,19.3533461093248,28.384365187567,5.6131088735109,18.5792105682956,16.9358006682083,0.215459890785264,0.127618800390911
2025-11-12,11,2,工作日,无明显降水,6.5,0,0,141985,128326,2521765.39,3748092.59,135499,749811.26550528,2736978.66666667,2084767.65547888,98655,441841.64,2072924.42,17756,19.6512428502408,29.207585290588,5.53370331519258,20.199253623028,15.3858527035541,0.2131489386381,0.12505546360531
2025-11-13,11,3,工作日,无明显降水,8.5,0,0,155975,138199,2690207.73,4007970.75,148069,805552.13414016,2963148.78333333,2232031.4669477,106527,472171.55,2199079.98,22380,19.4661881055579,29.001445379489,5.44038343029372,20.0119456694739,15.0742658284158,0.214713222936075,0.143484532777689
2025-11-14,11,4,工作日,无明显降水,7.1,0,0,154532,134580,2512122.25,3772135.14,146369,814532.46678144,2787609.56666667,2335666.96777884,102220,442350.22,2069655.47,24323,18.6663861643632,28.0289429335711,5.56492472300446,19.0450817226781,15.957388297924,0.213731331814372,0.157397820516139
2025-11-15,11,5,周末,降水,6.6,2.9,0,162345,136673,2319157.84,3443339.14,158115,834259.80553344,2716877.51666667,2690020.00674555,100444,393444.38,1821251.73,28386,16.9686612571613,25.1939969123382,5.27628501744578,17.1829207644225,17.0130601571359,0.216029653407659,0.174849856786473
2025-11-16,11,6,周末,降水,9.7,2.5,0,136084,125575,2550944.81,3618996.19,132316,823186.60148736,2206132.75,2647174.85269532,84021,368398.15,1739206.47,13277,20.3141135576349,28.8194002787179,6.22136855321624,16.6732122343481,20.0064606902818,0.211819675440835,0.0975647394256489
2025-11-17,11,0,工作日,无明显降水,5.2,0,0,130255,122252,2531840.63,3656849.3,123634,748646.2291968,2302102.01666667,2167956.7557805,89048,390001.42,1856785.3,12884,20.7100139875012,29.9123883453849,6.05534261770063,18.6202987581625,17.5352795815108,0.210041204009963,0.0989136693409082
2025-11-18,11,1,工作日,无明显降水,5.4,0,0,143657,134712,2751824.92,3981040.54,136479,751792.0943808,2604052.26666667,2178817.03299386,99488,431313.52,2017485.25,14141,20.4274668923333,29.5522339509472,5.50848184981426,19.0802414046605,15.9644856204534,0.213787694358608,0.0984358576331122
2025-11-19,11,2,工作日,降水,4.9,4.6,0,153240,143870,3020139.14,4327693.83,145457,787203.00540288,2858537.11666667,2233976.46604507,103567,455186.1,2118573.85,15150,20.9921397094599,30.080585459095,5.41192933583726,19.6521110477094,15.3583290322574,0.214854960094971,0.0988645262333594
2025-11-20,11,3,工作日,无明显降水,4.2,0,0,160278,150422,3153735.22,4517014.28,151863,836902.62196992,2996060.48333333,2335266.86427955,107592,473067.95,2217624.51,16095,20.9659173525149,30.0289470955046,5.51090536845657,19.7287060267039,15.3774577367729,0.213321934289047,0.100419271515741
2025-11-21,11,4,工作日,无明显降水,7.1,0,0,153698,143969,2973453.29,4254541.75,145023,831904.01559936,2772645.25,2362193.71024889,99796,432153.43,2041730.67,16109,20.6534274045107,29.5517906632678,5.73635916785172,19.1186587644718,16.2884074267454,0.211660350872821,0.104809431482518
2025-11-22,11,5,周末,降水,8.1,4.9,0,153859,143412,2780210.73,3909382.64,150143,813470.3641152,2583002.68333333,2600717.56731628,93955,376612.29,1753891.92,12777,19.3861791900259,27.2598014113184,5.41797062876857,17.2036171072466,17.3216038531019,0.214729474322454,0.0830435658622505
2025-11-23,11,6,周末,无明显降水,4.8,0,0,126335,117569,2354462.8,3299162.83,122894,744835.41525888,1982192.6,2491153.79755936,75570,313709.06,1494826.7,11075,20.0262211977647,28.061502862149,6.06079560644848,16.1292870278451,20.2707520103452,0.209863163402152,0.0876637511378478
2025-11-24,11,0,工作日,无明显降水,7.2,0,0,120288,105833,2004118.68,2962052.69,113972,662371.56653184,2124011.95,1941115.75995718,80656,329394.13,1619735.54,18140,18.936614099572,27.9879875842129,5.8117043355547,18.6362610992174,17.0315144066716,0.203362908243651,0.150804735301942
2025-11-25,11,1,工作日,降水,8,8.2,0,144532,126069,2409612.81,3556568.45,135140,715800.8860992,2724723.28333333,1979043.62155874,92176,385960.54,1862746.53,24482,19.1134443043095,28.2112846933029,5.29673587464259,20.1622264565142,14.644395601293,0.207199709560055,0.169388093986107
2025-11-26,11,2,工作日,降水,12.5,4.9,0,122234,107266,2012519.91,2967025.5,115909,655879.11878016,2230171.7,1870801.63168017,77865,320009.83,1581091.44,18558,18.7619554192382,27.6604469263327,5.65856938443227,19.2407121103624,16.1402620303873,0.20239805358759,0.151823551548669
2025-11-27,11,3,节假日,无明显降水,6.3,0,0,96642,77346,1305614.24,1900006.32,94235,588951.104544,1480555.2,2028434.62414554,48779,189910.22,916874.24,20589,16.8801779018954,24.5650236599178,6.24981275050671,15.7113089616385,21.5252785498545,0.207127882663603,0.213044018128764
2025-11-28,11,4,工作日,无明显降水,3.3,0,0,100742,85805,1530142.93,2317564.09,95749,548545.17598848,1514751.86666667,1869534.56786124,61966,265439.67,1192331.64,17319,17.8327944758464,27.0096624905309,5.72899117472224,15.8200280594749,19.5253691198993,0.222622348594222,0.171914395187707
2025-11-29,11,5,周末,无明显降水,2.9,0,0,114116,95305,1923427.74,2788754.54,111290,709245.09456768,1966532.86666667,2182474.70234676,71852,327117.13,1549466.95,20307,20.1818135459839,29.2613665599916,6.37294540900063,17.6703465420673,19.6106990955769,0.211115913120961,0.177950506502156
2025-11-30,11,6,周末,降水,4.1,3.6,0,111029,100682,2212063.48,3114726.42,107811,743932.58936832,1885794.78333333,2270359.88324638,68395,324446.6,1556298.35,12549,21.9707939850221,30.9362787787291,6.90034031191919,17.4916732368064,21.0587035019282,0.208473266067525,0.113024525124067
2025-12-01,12,0,工作日,无明显降水,3.6,0,0,125102,121858,2804204.32,3981464.81,119225,778836.12250752,2377935.15,2110343.15227657,85034,396483.95,1924193.92,8008,23.0120658471335,32.6729866730129,6.53249001893496,19.9449373034179,17.7005087211287,0.206051971102788,0.0640117663986187
2025-12-02,12,1,工作日,降水,2,16.4,0,146290,142985,3279933.46,4624994.42,138794,787134.54390912,2789719.76666667,2170593.20278228,97974,441416.05,2098278.14,9698,22.9390038115886,32.3460112599224,5.67124330957477,20.0997144449088,15.6389555944945,0.210370608922228,0.0662929796978604
2025-12-03,12,2,工作日,无明显降水,2.4,0,0,150238,146819,3432239.35,4827582.7,143196,806692.3704576,2969559.31666667,2196268.79289418,102980,473220.71,2217641.99,9339,23.3773513646054,32.8811849964923,5.63348396922819,20.7377253321787,15.3375009978923,0.21338913681013,0.0621613706252746
2025-12-04,12,3,工作日,无明显降水,1.6,0,0,170870,167209,4009841.96,5610298.16,162299,899978.02760448,3343345.36666667,2454445.41808278,113861,528171.17,2449143.39,11123,23.9810175289608,33.552608771059,5.54518529137259,20.5999135340739,15.1229854656084,0.215655470462266,0.0650962720196641
2025-12-05,12,4,工作日,无明显降水,-3.1,0,0,169951,166220,3754007.55,5266690.15,160452,891430.64068608,3180977.83333333,2490457.26285581,106361,477736.8,2246729.48,12009,22.5845719528336,31.6850568523643,5.55574652036796,19.8251055351964,15.5215096281493,0.212636547591836,0.0706615436213968
2025-12-06,12,5,周末,降雪,1.1,0.3,0.21,168108,164334,3515827.99,4855527.41,164038,862841.85153408,3047887.65,2647420.57089911,100168,419189.92,1951429.09,6542,21.394404018645,29.5467000742391,5.26001201876443,18.5803755837062,16.1390688188049,0.214811761364078,0.03891545910962
2025-12-07,12,6,周末,无明显降水,2.4,0,0,140810,137566,3040380.11,4221188.04,137083,838297.633536,2394288.93333333,2634668.05642339,83382,379163.1,1770475.34,5998,22.101246747016,30.6848206678976,6.11525596562666,17.4659799780668,19.2195097599512,0.214158927511524,0.0425964065052198
2025-12-08,12,0,工作日,无明显降水,-1.3,0,0,142758,139495,3084823.47,4399842.29,136184,799444.07820288,2640877.43333333,2250855.85823529,95048,432032.97,2043522.78,8778,22.1142225169361,31.541218609986,5.87032307909064,19.3919802130451,16.5280492439295,0.211415783679201,0.0614886731391586
2025-12-09,12,1,工作日,无明显降水,-3.7,0,0,159126,155813,3641093.8,5099705.91,150495,817857.06571008,3065537.96666667,2273551.09375568,103961,476879.97,2214602.92,10894,23.3683569406917,32.7296561262539,5.43444676374684,20.3696997685416,15.1071536845455,0.215334300200417,0.0684614707841585
2025-12-10,12,2,工作日,降水,2.9,3.5,0,165426,162075,4007878.25,5539360.38,155146,844924.509792,3293205.86666667,2263970.94861551,106524,495929.63,2322933.49,12583,24.7285407990128,34.1777595557612,5.44599609266111,21.2264954730813,14.5925189731963,0.213492823679597,0.0760642220690823
2025-12-11,12,3,工作日,无明显降水,1.2,0,0,181202,177590,4377812.39,6035284.16,170988,917889.92976384,3553051.06666667,2496301.45600626,113996,525192.61,2434634.41,12627,24.6512325581395,33.9843693901684,5.36815407960699,20.7795346262116,14.5992786394733,0.215717237809023,0.069684661317204
2025-12-12,12,4,工作日,无明显降水,-1.4,0,0,182167,178455,4208557.74,5835616.32,170594,944615.25949824,3460469.7,2605090.99085262,110626,500277.33,2352046.31,14119,23.5832996553753,32.7007722955367,5.53721267745782,20.2848265472408,15.2707070052442,0.212698758469598,0.0775058051128909
2025-12-13,12,5,周末,降雪,-0.4,0.9,0.21,180193,176561,3920815.23,5334063.18,175659,910052.29573632,3251154.7,2821292.23256781,100885,417274.18,1939550.11,6995,22.206575800998,30.2108799791573,5.18078945989855,18.5083297753033,16.0611880550829,0.215139674839337,0.0388194879934293
2025-12-14,12,6,周末,降雪,-1.9,11,7.7,159606,156528,3535755.3,4770500.42,155293,885112.25958144,2474160.83333333,2962190.77119867,77157,329722.56,1525163.57,6494,22.5886442042318,30.4769780486558,5.69962754007869,15.9322109388919,19.074850580507,0.216188326606831,0.0406876934451086
2025-12-15,12,0,工作日,无明显降水,-5.4,0,0,150478,147214,3499614.47,4851726.76,140509,830485.52370432,2692743.11666667,2382520.99508475,90183,410566.4,1951049.34,12187,23.7722938715068,32.9569657777114,5.91055038256852,19.1642038351043,16.9563586324346,0.210433632601008,0.0809885830486849
2025-12-16,12,1,工作日,无明显降水,-4,0,0,158281,154986,3591146.04,4986907.49,148467,791314.5252672,2891110.45,2292558.29069836,98133,425496.75,1995471.38,11933,23.170776973404,32.1765029744622,5.329901764481,19.4730845911886,15.441534419759,0.213231196530616,0.0753912345764811
2025-12-17,12,2,工作日,无明显降水,0.2,0,0,159600,156195,3637244.97,5048824.95,150093,807068.28102912,2963246.41666667,2312004.28180238,99803,436542.23,2053846.46,11628,23.2865646787669,32.3238576779026,5.37712139159801,19.7427356150298,15.4038115155429,0.212548619627584,0.0728571428571429
2025-12-18,12,3,工作日,无明显降水,2.8,0,0,165874,162448,3895095.28,5374122.51,155995,842322.63506688,3197687.33333333,2338771.68653171,102848,456394.8,2148259.26,12115,23.9774899044617,33.0821094134739,5.39967713751646,20.4986527345962,14.992606727983,0.212448659478838,0.073037365711323
2025-12-19,12,4,工作日,降水,8.8,14.1,0,171715,167974,3839947.54,5292371.52,159679,851294.55083904,3002172.95,2490721.82084577,98586,414206.97,1942223.14,14449,22.8603685094122,31.5070875254504,5.33128683696065,18.801301047727,15.5983054806567,0.213264357462037,0.0841452406603966
2025-12-20,12,5,周末,无明显降水,0.4,0,0,156674,152869,3306161.04,4555301.33,152578,830160.61324416,2678303.5,2657927.98109037,89393,375167.72,1733088.35,6607,21.6274132754188,29.7987252484153,5.44089326930593,17.553667632293,17.4201259755035,0.216473511001329,0.0421703664934833
2025-12-21,12,6,周末,无明显降水,2.8,0,0,124140,120898,2599056.67,3579551.83,120733,705210.3565056,2034122.48333333,2329514.57704585,69358,297038.06,1394922.37,5597,21.4979294115701,29.6080318119406,5.8410737454184,16.848106841819,19.2947626336283,0.212942358935716,0.0450861930078943
2025-12-22,12,0,工作日,无明显降水,-0.3,0,0,114055,110785,2452233.3,3417121.99,106964,634690.72098432,2087099.01666667,1820356.12792127,70242,295592.87,1468397.93,9128,22.1350661190594,30.8446268899219,5.93368536128342,19.5121631265348,17.0183999095142,0.201302973779049,0.0800315637192583
2025-12-23,12,1,工作日,降雪,1.9,2.8,1.4,112258,109143,2359322.22,3290567.27,105525,599613.0890112,2030794.48333333,1724020.8411678,68131,277832.6,1372050.49,8681,21.616798328798,30.1491370953703,5.68218989823454,19.244676458975,16.337558314786,0.202494443189186,0.0773307915694204
2025-12-24,12,2,工作日,无明显降水,3.8,0,0,100408,97347,1917623.21,2692939.7,92893,494175.96733824,1421638.38333333,1739113.01011784,54439,212386.3,960620.69,9450,19.6988423885687,27.6633044675234,5.31984075590454,15.304042105792,18.7216798910342,0.221092781168392,0.0941160066926938
2025-12-25,12,3,节假日,无明显降水,2.5,0,0,67953,65581,1441108.72,1958664,66237,436086.32550912,1040230.18333333,1516540.76289766,33032,148120.51,689119.27,3323,21.9744852929964,29.8663332367606,6.58372700317225,15.7046693439216,22.8956740627996,0.21494176182303,0.0489014465880829
2025-12-26,12,4,工作日,降雪,-3.9,8,5.39,83747,80949,1692888.42,2392375.51,79327,450913.8072384,1323321.55,1468450.46068241,49317,208551.71,977464.73,6207,20.9130244969055,29.5541082656982,5.68424127016527,16.6818554842613,18.5113575539528,0.213359831407932,0.0741160877404564
2025-12-27,12,5,周末,降雪,-3.2,8.3,5.74,85612,82631,1857824.85,2568681.36,83422,520203.24411264,1375157.5,1687843.12773074,48841,230490.27,1057954.27,4124,22.4833881957135,31.0861705655263,6.23580403385965,16.4843506509074,20.2325900569483,0.217864114296736,0.0481708171751624
2025-12-28,12,6,周末,无明显降水,-4.2,0.9,0,90832,87760,2075018.94,2859548.72,88338,614211.27140736,1572732.96666667,1875070.10607778,53568,267292.26,1279833.2,4630,23.6442449863263,32.5837365542388,6.95296782140596,17.8035835842635,21.2260873698497,0.208849293798598,0.0509732252950502
2025-12-29,12,0,工作日,降水,3.9,5.4,0,96826,93788,2092745.12,2954810.94,92292,596593.17108864,1682835.38333333,1754396.83941253,61444,278641.69,1357982.92,6562,22.3135701795539,31.5052132468973,6.46419159936549,18.233816401566,19.0091973238475,0.20518791944747,0.0677710532295045
2025-12-30,12,1,工作日,无明显降水,-0.9,0,0,105666,102427,2243198.36,3170325.87,100308,610996.63895424,1829632.33333333,1816000.28924865,67131,296784.96,1427269.05,7420,21.9004594491687,30.9520523885304,6.09120547667424,18.2401436907658,18.1042418276573,0.207939042747406,0.0702212632256355
2025-12-31,12,2,工作日,无明显降水,-2,0,0,111417,108294,2277974.2,3167328.45,104205,610696.36755072,1656920.26666667,2052045.33864512,60113,244449.02,1156039.56,9255,21.0350915101483,29.2474970912516,5.86052845401584,15.9005831454025,19.6923884520428,0.211453853707221,0.0830663184253749
