zone_id,budget,strategy,strategy_label,actual,allocation,served,uncovered,idle
1,500,forecast,选定预测方案分配,712,8,4,708,4
1,500,history,四周历史均值分配,712,17,4,708,13
1,500,uniform,均匀分配,712,1488,494,218,994
1,1000,forecast,选定预测方案分配,712,69,41,671,28
1,1000,history,四周历史均值分配,712,81,36,676,45
1,1000,uniform,均匀分配,712,2976,636,76,2340
1,2000,forecast,选定预测方案分配,712,249,133,579,116
1,2000,history,四周历史均值分配,712,230,109,603,121
1,2000,uniform,均匀分配,712,5952,702,10,5250
2,500,forecast,选定预测方案分配,6,0,0,6,0
2,500,history,四周历史均值分配,6,0,0,6,0
2,500,uniform,均匀分配,6,1488,6,0,1482
2,1000,forecast,选定预测方案分配,6,0,0,6,0
2,1000,history,四周历史均值分配,6,0,0,6,0
2,1000,uniform,均匀分配,6,2976,6,0,2970
2,2000,forecast,选定预测方案分配,6,0,0,6,0
2,2000,history,四周历史均值分配,6,0,0,6,0
2,2000,uniform,均匀分配,6,5952,6,0,5946
3,500,forecast,选定预测方案分配,458,19,13,445,6
3,500,history,四周历史均值分配,458,24,15,443,9
3,500,uniform,均匀分配,458,1488,406,52,1082
3,1000,forecast,选定预测方案分配,458,69,41,417,28
3,1000,history,四周历史均值分配,458,82,47,411,35
3,1000,uniform,均匀分配,458,2976,454,4,2522
3,2000,forecast,选定预测方案分配,458,173,94,364,79
3,2000,history,四周历史均值分配,458,213,96,362,117
3,2000,uniform,均匀分配,458,5952,458,0,5494
4,500,forecast,选定预测方案分配,15952,1819,1757,14195,62
4,500,history,四周历史均值分配,15952,1810,1742,14210,68
4,500,uniform,均匀分配,15952,1488,1475,14477,13
4,1000,forecast,选定预测方案分配,15952,3604,3297,12655,307
4,1000,history,四周历史均值分配,15952,3577,3245,12707,332
4,1000,uniform,均匀分配,15952,2976,2911,13041,65
4,2000,forecast,选定预测方案分配,15952,7107,5769,10183,1338
4,2000,history,四周历史均值分配,15952,7083,5725,10227,1358
4,2000,uniform,均匀分配,15952,5952,5585,10367,367
5,500,forecast,选定预测方案分配,3,0,0,3,0
5,500,history,四周历史均值分配,3,0,0,3,0
5,500,uniform,均匀分配,3,1488,3,0,1485
5,1000,forecast,选定预测方案分配,3,0,0,3,0
5,1000,history,四周历史均值分配,3,0,0,3,0
5,1000,uniform,均匀分配,3,2976,3,0,2973
5,2000,forecast,选定预测方案分配,3,0,0,3,0
5,2000,history,四周历史均值分配,3,2,0,3,2
5,2000,uniform,均匀分配,3,5952,3,0,5949
6,500,forecast,选定预测方案分配,97,0,0,97,0
6,500,history,四周历史均值分配,97,0,0,97,0
6,500,uniform,均匀分配,97,1488,95,2,1393
6,1000,forecast,选定预测方案分配,97,0,0,97,0
6,1000,history,四周历史均值分配,97,6,0,97,6
6,1000,uniform,均匀分配,97,2976,97,0,2879
6,2000,forecast,选定预测方案分配,97,0,0,97,0
6,2000,history,四周历史均值分配,97,26,2,95,24
6,2000,uniform,均匀分配,97,5952,97,0,5855
7,500,forecast,选定预测方案分配,9864,1353,1311,8553,42
7,500,history,四周历史均值分配,9864,1234,1187,8677,47
7,500,uniform,均匀分配,9864,1488,1478,8386,10
7,1000,forecast,选定预测方案分配,9864,2553,2321,7543,232
7,1000,history,四周历史均值分配,9864,2300,2075,7789,225
7,1000,uniform,均匀分配,9864,2976,2904,6960,72
7,2000,forecast,选定预测方案分配,9864,5019,3970,5894,1049
7,2000,history,四周历史均值分配,9864,4541,3614,6250,927
7,2000,uniform,均匀分配,9864,5952,5413,4451,539
8,500,forecast,选定预测方案分配,51,0,0,51,0
8,500,history,四周历史均值分配,51,0,0,51,0
8,500,uniform,均匀分配,51,1488,50,1,1438
8,1000,forecast,选定预测方案分配,51,0,0,51,0
8,1000,history,四周历史均值分配,51,5,0,51,5
8,1000,uniform,均匀分配,51,2976,51,0,2925
8,2000,forecast,选定预测方案分配,51,0,0,51,0
8,2000,history,四周历史均值分配,51,29,3,48,26
8,2000,uniform,均匀分配,51,5952,51,0,5901
9,500,forecast,选定预测方案分配,206,0,0,206,0
9,500,history,四周历史均值分配,206,0,0,206,0
9,500,uniform,均匀分配,206,1488,198,8,1290
9,1000,forecast,选定预测方案分配,206,0,0,206,0
9,1000,history,四周历史均值分配,206,10,1,205,9
9,1000,uniform,均匀分配,206,2976,206,0,2770
9,2000,forecast,选定预测方案分配,206,2,0,206,2
9,2000,history,四周历史均值分配,206,37,7,199,30
9,2000,uniform,均匀分配,206,5952,206,0,5746
10,500,forecast,选定预测方案分配,1941,176,140,1801,36
10,500,history,四周历史均值分配,1941,151,113,1828,38
10,500,uniform,均匀分配,1941,1488,1100,841,388
10,1000,forecast,选定预测方案分配,1941,567,464,1477,103
10,1000,history,四周历史均值分配,1941,514,416,1525,98
10,1000,uniform,均匀分配,1941,2976,1621,320,1355
10,2000,forecast,选定预测方案分配,1941,1077,785,1156,292
10,2000,history,四周历史均值分配,1941,970,698,1243,272
10,2000,uniform,均匀分配,1941,5952,1911,30,4041
11,500,forecast,选定预测方案分配,309,4,2,307,2
11,500,history,四周历史均值分配,309,9,5,304,4
11,500,uniform,均匀分配,309,1488,289,20,1199
11,1000,forecast,选定预测方案分配,309,22,12,297,10
11,1000,history,四周历史均值分配,309,40,18,291,22
11,1000,uniform,均匀分配,309,2976,307,2,2669
11,2000,forecast,选定预测方案分配,309,90,33,276,57
11,2000,history,四周历史均值分配,309,106,47,262,59
11,2000,uniform,均匀分配,309,5952,309,0,5643
12,500,forecast,选定预测方案分配,1168,44,43,1125,1
12,500,history,四周历史均值分配,1168,26,26,1142,0
12,500,uniform,均匀分配,1168,1488,616,552,872
12,1000,forecast,选定预测方案分配,1168,160,156,1012,4
12,1000,history,四周历史均值分配,1168,133,129,1039,4
12,1000,uniform,均匀分配,1168,2976,897,271,2079
12,2000,forecast,选定预测方案分配,1168,307,281,887,26
12,2000,history,四周历史均值分配,1168,262,233,935,29
12,2000,uniform,均匀分配,1168,5952,1108,60,4844
13,500,forecast,选定预测方案分配,24923,1907,1860,23063,47
13,500,history,四周历史均值分配,24923,1976,1917,23006,59
13,500,uniform,均匀分配,24923,1488,1370,23553,118
13,1000,forecast,选定预测方案分配,24923,3708,3574,21349,134
13,1000,history,四周历史均值分配,24923,3871,3711,21212,160
13,1000,uniform,均匀分配,24923,2976,2609,22314,367
13,2000,forecast,选定预测方案分配,24923,7382,6893,18030,489
13,2000,history,四周历史均值分配,24923,7665,7037,17886,628
13,2000,uniform,均匀分配,24923,5952,4852,20071,1100
14,500,forecast,选定预测方案分配,2217,230,186,2031,44
14,500,history,四周历史均值分配,2217,207,168,2049,39
14,500,uniform,均匀分配,2217,1488,1127,1090,361
14,1000,forecast,选定预测方案分配,2217,611,498,1719,113
14,1000,history,四周历史均值分配,2217,548,426,1791,122
14,1000,uniform,均匀分配,2217,2976,1741,476,1235
14,2000,forecast,选定预测方案分配,2217,1133,804,1413,329
14,2000,history,四周历史均值分配,2217,1047,718,1499,329
14,2000,uniform,均匀分配,2217,5952,2154,63,3798
15,500,forecast,选定预测方案分配,196,0,0,196,0
15,500,history,四周历史均值分配,196,0,0,196,0
15,500,uniform,均匀分配,196,1488,192,4,1296
15,1000,forecast,选定预测方案分配,196,0,0,196,0
15,1000,history,四周历史均值分配,196,4,1,195,3
15,1000,uniform,均匀分配,196,2976,196,0,2780
15,2000,forecast,选定预测方案分配,196,0,0,196,0
15,2000,history,四周历史均值分配,196,43,14,182,29
15,2000,uniform,均匀分配,196,5952,196,0,5756
16,500,forecast,选定预测方案分配,351,1,0,351,1
16,500,history,四周历史均值分配,351,3,2,349,1
16,500,uniform,均匀分配,351,1488,329,22,1159
16,1000,forecast,选定预测方案分配,351,11,4,347,7
16,1000,history,四周历史均值分配,351,24,8,343,16
16,1000,uniform,均匀分配,351,2976,351,0,2625
16,2000,forecast,选定预测方案分配,351,115,33,318,82
16,2000,history,四周历史均值分配,351,106,39,312,67
16,2000,uniform,均匀分配,351,5952,351,0,5601
17,500,forecast,选定预测方案分配,4335,611,579,3756,32
17,500,history,四周历史均值分配,4335,594,560,3775,34
17,500,uniform,均匀分配,4335,1488,1384,2951,104
17,1000,forecast,选定预测方案分配,4335,1114,985,3350,129
17,1000,history,四周历史均值分配,4335,1060,940,3395,120
17,1000,uniform,均匀分配,4335,2976,2475,1860,501
17,2000,forecast,选定预测方案分配,4335,2086,1603,2732,483
17,2000,history,四周历史均值分配,4335,1976,1531,2804,445
17,2000,uniform,均匀分配,4335,5952,3747,588,2205
18,500,forecast,选定预测方案分配,1109,120,101,1008,19
18,500,history,四周历史均值分配,1109,93,73,1036,20
18,500,uniform,均匀分配,1109,1488,779,330,709
18,1000,forecast,选定预测方案分配,1109,256,189,920,67
18,1000,history,四周历史均值分配,1109,234,183,926,51
18,1000,uniform,均匀分配,1109,2976,1021,88,1955
18,2000,forecast,选定预测方案分配,1109,605,391,718,214
18,2000,history,四周历史均值分配,1109,557,360,749,197
18,2000,uniform,均匀分配,1109,5952,1106,3,4846
19,500,forecast,选定预测方案分配,429,0,0,429,0
19,500,history,四周历史均值分配,429,13,6,423,7
19,500,uniform,均匀分配,429,1488,399,30,1089
19,1000,forecast,选定预测方案分配,429,50,26,403,24
19,1000,history,四周历史均值分配,429,60,26,403,34
19,1000,uniform,均匀分配,429,2976,426,3,2550
19,2000,forecast,选定预测方案分配,429,179,80,349,99
19,2000,history,四周历史均值分配,429,164,70,359,94
19,2000,uniform,均匀分配,429,5952,429,0,5523
20,500,forecast,选定预测方案分配,588,10,8,580,2
20,500,history,四周历史均值分配,588,27,14,574,13
20,500,uniform,均匀分配,588,1488,515,73,973
20,1000,forecast,选定预测方案分配,588,74,40,548,34
20,1000,history,四周历史均值分配,588,70,34,554,36
20,1000,uniform,均匀分配,588,2976,585,3,2391
20,2000,forecast,选定预测方案分配,588,196,96,492,100
20,2000,history,四周历史均值分配,588,200,100,488,100
20,2000,uniform,均匀分配,588,5952,588,0,5364
21,500,forecast,选定预测方案分配,629,0,0,629,0
21,500,history,四周历史均值分配,629,12,2,627,10
21,500,uniform,均匀分配,629,1488,523,106,965
21,1000,forecast,选定预测方案分配,629,48,27,602,21
21,1000,history,四周历史均值分配,629,57,25,604,32
21,1000,uniform,均匀分配,629,2976,616,13,2360
21,2000,forecast,选定预测方案分配,629,241,121,508,120
21,2000,history,四周历史均值分配,629,250,135,494,115
21,2000,uniform,均匀分配,629,5952,629,0,5323
22,500,forecast,选定预测方案分配,849,8,7,842,1
22,500,history,四周历史均值分配,849,27,19,830,8
22,500,uniform,均匀分配,849,1488,657,192,831
22,1000,forecast,选定预测方案分配,849,125,86,763,39
22,1000,history,四周历史均值分配,849,106,71,778,35
22,1000,uniform,均匀分配,849,2976,813,36,2163
22,2000,forecast,选定预测方案分配,849,372,245,604,127
22,2000,history,四周历史均值分配,849,358,232,617,126
22,2000,uniform,均匀分配,849,5952,849,0,5103
23,500,forecast,选定预测方案分配,39,0,0,39,0
23,500,history,四周历史均值分配,39,0,0,39,0
23,500,uniform,均匀分配,39,1488,39,0,1449
23,1000,forecast,选定预测方案分配,39,0,0,39,0
23,1000,history,四周历史均值分配,39,0,0,39,0
23,1000,uniform,均匀分配,39,2976,39,0,2937
23,2000,forecast,选定预测方案分配,39,0,0,39,0
23,2000,history,四周历史均值分配,39,3,1,38,2
23,2000,uniform,均匀分配,39,5952,39,0,5913
24,500,forecast,选定预测方案分配,13304,1323,1274,12030,49
24,500,history,四周历史均值分配,13304,1264,1220,12084,44
24,500,uniform,均匀分配,13304,1488,1447,11857,41
24,1000,forecast,选定预测方案分配,13304,2547,2353,10951,194
24,1000,history,四周历史均值分配,13304,2444,2283,11021,161
24,1000,uniform,均匀分配,13304,2976,2791,10513,185
24,2000,forecast,选定预测方案分配,13304,5013,4316,8988,697
24,2000,history,四周历史均值分配,13304,4790,4173,9131,617
24,2000,uniform,均匀分配,13304,5952,5144,8160,808
25,500,forecast,选定预测方案分配,5174,714,667,4507,47
25,500,history,四周历史均值分配,5174,643,602,4572,41
25,500,uniform,均匀分配,5174,1488,1334,3840,154
25,1000,forecast,选定预测方案分配,5174,1074,963,4211,111
25,1000,history,四周历史均值分配,5174,1063,945,4229,118
25,1000,uniform,均匀分配,5174,2976,2429,2745,547
25,2000,forecast,选定预测方案分配,5174,2114,1732,3442,382
25,2000,history,四周历史均值分配,5174,2044,1646,3528,398
25,2000,uniform,均匀分配,5174,5952,3917,1257,2035
26,500,forecast,选定预测方案分配,1252,7,5,1247,2
26,500,history,四周历史均值分配,1252,20,12,1240,8
26,500,uniform,均匀分配,1252,1488,807,445,681
26,1000,forecast,选定预测方案分配,1252,198,160,1092,38
26,1000,history,四周历史均值分配,1252,186,141,1111,45
26,1000,uniform,均匀分配,1252,2976,1124,128,1852
26,2000,forecast,选定预测方案分配,1252,508,360,892,148
26,2000,history,四周历史均值分配,1252,453,334,918,119
26,2000,uniform,均匀分配,1252,5952,1245,7,4707
27,500,forecast,选定预测方案分配,17,0,0,17,0
27,500,history,四周历史均值分配,17,0,0,17,0
27,500,uniform,均匀分配,17,1488,17,0,1471
27,1000,forecast,选定预测方案分配,17,0,0,17,0
27,1000,history,四周历史均值分配,17,0,0,17,0
27,1000,uniform,均匀分配,17,2976,17,0,2959
27,2000,forecast,选定预测方案分配,17,0,0,17,0
27,2000,history,四周历史均值分配,17,0,0,17,0
27,2000,uniform,均匀分配,17,5952,17,0,5935
28,500,forecast,选定预测方案分配,1270,139,99,1171,40
28,500,history,四周历史均值分配,1270,118,83,1187,35
28,500,uniform,均匀分配,1270,1488,916,354,572
28,1000,forecast,选定预测方案分配,1270,298,218,1052,80
28,1000,history,四周历史均值分配,1270,253,171,1099,82
28,1000,uniform,均匀分配,1270,2976,1179,91,1797
28,2000,forecast,选定预测方案分配,1270,743,485,785,258
28,2000,history,四周历史均值分配,1270,660,422,848,238
28,2000,uniform,均匀分配,1270,5952,1268,2,4684
29,500,forecast,选定预测方案分配,639,0,0,639,0
29,500,history,四周历史均值分配,639,2,1,638,1
29,500,uniform,均匀分配,639,1488,515,124,973
29,1000,forecast,选定预测方案分配,639,9,4,635,5
29,1000,history,四周历史均值分配,639,38,19,620,19
29,1000,uniform,均匀分配,639,2976,621,18,2355
29,2000,forecast,选定预测方案分配,639,208,120,519,88
29,2000,history,四周历史均值分配,639,205,126,513,79
29,2000,uniform,均匀分配,639,5952,639,0,5313
30,500,forecast,选定预测方案分配,19,0,0,19,0
30,500,history,四周历史均值分配,19,0,0,19,0
30,500,uniform,均匀分配,19,1488,19,0,1469
30,1000,forecast,选定预测方案分配,19,0,0,19,0
30,1000,history,四周历史均值分配,19,0,0,19,0
30,1000,uniform,均匀分配,19,2976,19,0,2957
30,2000,forecast,选定预测方案分配,19,0,0,19,0
30,2000,history,四周历史均值分配,19,3,0,19,3
30,2000,uniform,均匀分配,19,5952,19,0,5933
31,500,forecast,选定预测方案分配,108,0,0,108,0
31,500,history,四周历史均值分配,108,0,0,108,0
31,500,uniform,均匀分配,108,1488,105,3,1383
31,1000,forecast,选定预测方案分配,108,0,0,108,0
31,1000,history,四周历史均值分配,108,3,1,107,2
31,1000,uniform,均匀分配,108,2976,108,0,2868
31,2000,forecast,选定预测方案分配,108,0,0,108,0
31,2000,history,四周历史均值分配,108,14,2,106,12
31,2000,uniform,均匀分配,108,5952,108,0,5844
32,500,forecast,选定预测方案分配,689,18,15,674,3
32,500,history,四周历史均值分配,689,28,26,663,2
32,500,uniform,均匀分配,689,1488,555,134,933
32,1000,forecast,选定预测方案分配,689,122,85,604,37
32,1000,history,四周历史均值分配,689,103,70,619,33
32,1000,uniform,均匀分配,689,2976,669,20,2307
32,2000,forecast,选定预测方案分配,689,252,147,542,105
32,2000,history,四周历史均值分配,689,263,155,534,108
32,2000,uniform,均匀分配,689,5952,689,0,5263
33,500,forecast,选定预测方案分配,6016,659,618,5398,41
33,500,history,四周历史均值分配,6016,638,589,5427,49
33,500,uniform,均匀分配,6016,1488,1252,4764,236
33,1000,forecast,选定预测方案分配,6016,1003,897,5119,106
33,1000,history,四周历史均值分配,6016,963,855,5161,108
33,1000,uniform,均匀分配,6016,2976,2318,3698,658
33,2000,forecast,选定预测方案分配,6016,1972,1716,4300,256
33,2000,history,四周历史均值分配,6016,1909,1630,4386,279
33,2000,uniform,均匀分配,6016,5952,3973,2043,1979
34,500,forecast,选定预测方案分配,571,44,37,534,7
34,500,history,四周历史均值分配,571,64,19,552,45
34,500,uniform,均匀分配,571,1488,381,190,1107
34,1000,forecast,选定预测方案分配,571,90,60,511,30
34,1000,history,四周历史均值分配,571,125,29,542,96
34,1000,uniform,均匀分配,571,2976,437,134,2539
34,2000,forecast,选定预测方案分配,571,210,107,464,103
34,2000,history,四周历史均值分配,571,329,82,489,247
34,2000,uniform,均匀分配,571,5952,470,101,5482
35,500,forecast,选定预测方案分配,2835,325,298,2537,27
35,500,history,四周历史均值分配,2835,334,294,2541,40
35,500,uniform,均匀分配,2835,1488,1128,1707,360
35,1000,forecast,选定预测方案分配,2835,757,640,2195,117
35,1000,history,四周历史均值分配,2835,727,597,2238,130
35,1000,uniform,均匀分配,2835,2976,1865,970,1111
35,2000,forecast,选定预测方案分配,2835,1452,1093,1742,359
35,2000,history,四周历史均值分配,2835,1411,1011,1824,400
35,2000,uniform,均匀分配,2835,5952,2587,248,3365
36,500,forecast,选定预测方案分配,3555,510,472,3083,38
36,500,history,四周历史均值分配,3555,468,425,3130,43
36,500,uniform,均匀分配,3555,1488,1265,2290,223
36,1000,forecast,选定预测方案分配,3555,1096,938,2617,158
36,1000,history,四周历史均值分配,3555,1082,923,2632,159
36,1000,uniform,均匀分配,3555,2976,2059,1496,917
36,2000,forecast,选定预测方案分配,3555,2211,1630,1925,581
36,2000,history,四周历史均值分配,3555,2113,1584,1971,529
36,2000,uniform,均匀分配,3555,5952,2715,840,3237
37,500,forecast,选定预测方案分配,6310,1016,971,5339,45
37,500,history,四周历史均值分配,6310,1038,992,5318,46
37,500,uniform,均匀分配,6310,1488,1453,4857,35
37,1000,forecast,选定预测方案分配,6310,1920,1700,4610,220
37,1000,history,四周历史均值分配,6310,1959,1744,4566,215
37,1000,uniform,均匀分配,6310,2976,2733,3577,243
37,2000,forecast,选定预测方案分配,6310,3682,2755,3555,927
37,2000,history,四周历史均值分配,6310,3775,2796,3514,979
37,2000,uniform,均匀分配,6310,5952,4462,1848,1490
38,500,forecast,选定预测方案分配,490,28,15,475,13
38,500,history,四周历史均值分配,490,29,16,474,13
38,500,uniform,均匀分配,490,1488,421,69,1067
38,1000,forecast,选定预测方案分配,490,88,52,438,36
38,1000,history,四周历史均值分配,490,83,46,444,37
38,1000,uniform,均匀分配,490,2976,478,12,2498
38,2000,forecast,选定预测方案分配,490,221,108,382,113
38,2000,history,四周历史均值分配,490,192,94,396,98
38,2000,uniform,均匀分配,490,5952,490,0,5462
39,500,forecast,选定预测方案分配,3354,451,408,2946,43
39,500,history,四周历史均值分配,3354,431,394,2960,37
39,500,uniform,均匀分配,3354,1488,1141,2213,347
39,1000,forecast,选定预测方案分配,3354,916,789,2565,127
39,1000,history,四周历史均值分配,3354,883,750,2604,133
39,1000,uniform,均匀分配,3354,2976,1922,1432,1054
39,2000,forecast,选定预测方案分配,3354,1815,1399,1955,416
39,2000,history,四周历史均值分配,3354,1763,1337,2017,426
39,2000,uniform,均匀分配,3354,5952,2805,549,3147
40,500,forecast,选定预测方案分配,1702,63,58,1644,5
40,500,history,四周历史均值分配,1702,78,61,1641,17
40,500,uniform,均匀分配,1702,1488,937,765,551
40,1000,forecast,选定预测方案分配,1702,286,217,1485,69
40,1000,history,四周历史均值分配,1702,283,208,1494,75
40,1000,uniform,均匀分配,1702,2976,1331,371,1645
40,2000,forecast,选定预测方案分配,1702,728,533,1169,195
40,2000,history,四周历史均值分配,1702,668,490,1212,178
40,2000,uniform,均匀分配,1702,5952,1610,92,4342
41,500,forecast,选定预测方案分配,21486,2210,2177,19309,33
41,500,history,四周历史均值分配,21486,2075,2022,19464,53
41,500,uniform,均匀分配,21486,1488,1473,20013,15
41,1000,forecast,选定预测方案分配,21486,4342,4093,17393,249
41,1000,history,四周历史均值分配,21486,4106,3808,17678,298
41,1000,uniform,均匀分配,21486,2976,2906,18580,70
41,2000,forecast,选定预测方案分配,21486,8604,7344,14142,1260
41,2000,history,四周历史均值分配,21486,8098,6810,14676,1288
41,2000,uniform,均匀分配,21486,5952,5603,15883,349
42,500,forecast,选定预测方案分配,15974,1885,1844,14130,41
42,500,history,四周历史均值分配,15974,1790,1741,14233,49
42,500,uniform,均匀分配,15974,1488,1480,14494,8
42,1000,forecast,选定预测方案分配,15974,3711,3448,12526,263
42,1000,history,四周历史均值分配,15974,3506,3238,12736,268
42,1000,uniform,均匀分配,15974,2976,2931,13043,45
42,2000,forecast,选定预测方案分配,15974,7320,6011,9963,1309
42,2000,history,四周历史均值分配,15974,6931,5651,10323,1280
42,2000,uniform,均匀分配,15974,5952,5652,10322,300
43,500,forecast,选定预测方案分配,54430,3944,3907,50523,37
43,500,history,四周历史均值分配,54430,3924,3893,50537,31
43,500,uniform,均匀分配,54430,1488,1390,53040,98
43,1000,forecast,选定预测方案分配,54430,7832,7714,46716,118
43,1000,history,四周历史均值分配,54430,7772,7684,46746,88
43,1000,uniform,均匀分配,54430,2976,2665,51765,311
43,2000,forecast,选定预测方案分配,54430,15560,15080,39350,480
43,2000,history,四周历史均值分配,54430,15451,15022,39408,429
43,2000,uniform,均匀分配,54430,5952,5039,49391,913
44,500,forecast,选定预测方案分配,3,0,0,3,0
44,500,history,四周历史均值分配,3,0,0,3,0
44,500,uniform,均匀分配,3,1488,3,0,1485
44,1000,forecast,选定预测方案分配,3,0,0,3,0
44,1000,history,四周历史均值分配,3,0,0,3,0
44,1000,uniform,均匀分配,3,2976,3,0,2973
44,2000,forecast,选定预测方案分配,3,0,0,3,0
44,2000,history,四周历史均值分配,3,0,0,3,0
44,2000,uniform,均匀分配,3,5952,3,0,5949
45,500,forecast,选定预测方案分配,10580,975,934,9646,41
45,500,history,四周历史均值分配,10580,904,861,9719,43
45,500,uniform,均匀分配,10580,1488,1409,9171,79
45,1000,forecast,选定预测方案分配,10580,1879,1752,8828,127
45,1000,history,四周历史均值分配,10580,1775,1637,8943,138
45,1000,uniform,均匀分配,10580,2976,2665,7915,311
45,2000,forecast,选定预测方案分配,10580,3743,3265,7315,478
45,2000,history,四周历史均值分配,10580,3463,2991,7589,472
45,2000,uniform,均匀分配,10580,5952,4855,5725,1097
46,500,forecast,选定预测方案分配,51,0,0,51,0
46,500,history,四周历史均值分配,51,0,0,51,0
46,500,uniform,均匀分配,51,1488,51,0,1437
46,1000,forecast,选定预测方案分配,51,0,0,51,0
46,1000,history,四周历史均值分配,51,0,0,51,0
46,1000,uniform,均匀分配,51,2976,51,0,2925
46,2000,forecast,选定预测方案分配,51,0,0,51,0
46,2000,history,四周历史均值分配,51,4,0,51,4
46,2000,uniform,均匀分配,51,5952,51,0,5901
47,500,forecast,选定预测方案分配,929,79,57,872,22
47,500,history,四周历史均值分配,929,62,44,885,18
47,500,uniform,均匀分配,929,1488,679,250,809
47,1000,forecast,选定预测方案分配,929,199,138,791,61
47,1000,history,四周历史均值分配,929,179,118,811,61
47,1000,uniform,均匀分配,929,2976,874,55,2102
47,2000,forecast,选定预测方案分配,929,442,262,667,180
47,2000,history,四周历史均值分配,929,415,250,679,165
47,2000,uniform,均匀分配,929,5952,928,1,5024
48,500,forecast,选定预测方案分配,100600,10494,10395,90205,99
48,500,history,四周历史均值分配,100600,10095,10001,90599,94
48,500,uniform,均匀分配,100600,1488,1488,99112,0
48,1000,forecast,选定预测方案分配,100600,20914,19583,81017,1331
48,1000,history,四周历史均值分配,100600,20132,18897,81703,1235
48,1000,uniform,均匀分配,100600,2976,2976,97624,0
48,2000,forecast,选定预测方案分配,100600,41738,35136,65464,6602
48,2000,history,四周历史均值分配,100600,40177,33805,66795,6372
48,2000,uniform,均匀分配,100600,5952,5952,94648,0
49,500,forecast,选定预测方案分配,4207,525,483,3724,42
49,500,history,四周历史均值分配,4207,514,469,3738,45
49,500,uniform,均匀分配,4207,1488,1299,2908,189
49,1000,forecast,选定预测方案分配,4207,912,812,3395,100
49,1000,history,四周历史均值分配,4207,891,779,3428,112
49,1000,uniform,均匀分配,4207,2976,2285,1922,691
49,2000,forecast,选定预测方案分配,4207,1675,1362,2845,313
49,2000,history,四周历史均值分配,4207,1633,1290,2917,343
49,2000,uniform,均匀分配,4207,5952,3458,749,2494
50,500,forecast,选定预测方案分配,29804,2773,2693,27111,80
50,500,history,四周历史均值分配,29804,2699,2609,27195,90
50,500,uniform,均匀分配,29804,1488,1479,28325,9
50,1000,forecast,选定预测方案分配,29804,5475,5128,24676,347
50,1000,history,四周历史均值分配,29804,5342,4982,24822,360
50,1000,uniform,均匀分配,29804,2976,2918,26886,58
50,2000,forecast,选定预测方案分配,29804,10856,9473,20331,1383
50,2000,history,四周历史均值分配,29804,10604,9198,20606,1406
50,2000,uniform,均匀分配,29804,5952,5637,24167,315
51,500,forecast,选定预测方案分配,1646,189,170,1476,19
51,500,history,四周历史均值分配,1646,176,153,1493,23
51,500,uniform,均匀分配,1646,1488,959,687,529
51,1000,forecast,选定预测方案分配,1646,407,326,1320,81
51,1000,history,四周历史均值分配,1646,391,310,1336,81
51,1000,uniform,均匀分配,1646,2976,1377,269,1599
51,2000,forecast,选定预测方案分配,1646,974,667,979,307
51,2000,history,四周历史均值分配,1646,906,613,1033,293
51,2000,uniform,均匀分配,1646,5952,1596,50,4356
52,500,forecast,选定预测方案分配,1748,44,40,1708,4
52,500,history,四周历史均值分配,1748,48,42,1706,6
52,500,uniform,均匀分配,1748,1488,943,805,545
52,1000,forecast,选定预测方案分配,1748,249,212,1536,37
52,1000,history,四周历史均值分配,1748,278,221,1527,57
52,1000,uniform,均匀分配,1748,2976,1395,353,1581
52,2000,forecast,选定预测方案分配,1748,744,574,1174,170
52,2000,history,四周历史均值分配,1748,652,504,1244,148
52,2000,uniform,均匀分配,1748,5952,1687,61,4265
53,500,forecast,选定预测方案分配,394,0,0,394,0
53,500,history,四周历史均值分配,394,5,2,392,3
53,500,uniform,均匀分配,394,1488,351,43,1137
53,1000,forecast,选定预测方案分配,394,4,2,392,2
53,1000,history,四周历史均值分配,394,21,8,386,13
53,1000,uniform,均匀分配,394,2976,389,5,2587
53,2000,forecast,选定预测方案分配,394,74,23,371,51
53,2000,history,四周历史均值分配,394,88,25,369,63
53,2000,uniform,均匀分配,394,5952,394,0,5558
54,500,forecast,选定预测方案分配,464,0,0,464,0
54,500,history,四周历史均值分配,464,0,0,464,0
54,500,uniform,均匀分配,464,1488,397,67,1091
54,1000,forecast,选定预测方案分配,464,3,3,461,0
54,1000,history,四周历史均值分配,464,6,1,463,5
54,1000,uniform,均匀分配,464,2976,455,9,2521
54,2000,forecast,选定预测方案分配,464,82,40,424,42
54,2000,history,四周历史均值分配,464,109,49,415,60
54,2000,uniform,均匀分配,464,5952,464,0,5488
55,500,forecast,选定预测方案分配,1574,120,103,1471,17
55,500,history,四周历史均值分配,1574,126,108,1466,18
55,500,uniform,均匀分配,1574,1488,843,731,645
55,1000,forecast,选定预测方案分配,1574,333,289,1285,44
55,1000,history,四周历史均值分配,1574,345,288,1286,57
55,1000,uniform,均匀分配,1574,2976,1279,295,1697
55,2000,forecast,选定预测方案分配,1574,683,530,1044,153
55,2000,history,四周历史均值分配,1574,687,511,1063,176
55,2000,uniform,均匀分配,1574,5952,1543,31,4409
56,500,forecast,选定预测方案分配,1184,127,104,1080,23
56,500,history,四周历史均值分配,1184,97,81,1103,16
56,500,uniform,均匀分配,1184,1488,809,375,679
56,1000,forecast,选定预测方案分配,1184,281,206,978,75
56,1000,history,四周历史均值分配,1184,238,172,1012,66
56,1000,uniform,均匀分配,1184,2976,1064,120,1912
56,2000,forecast,选定预测方案分配,1184,645,399,785,246
56,2000,history,四周历史均值分配,1184,576,347,837,229
56,2000,uniform,均匀分配,1184,5952,1166,18,4786
57,500,forecast,选定预测方案分配,75,0,0,75,0
57,500,history,四周历史均值分配,75,1,0,75,1
57,500,uniform,均匀分配,75,1488,74,1,1414
57,1000,forecast,选定预测方案分配,75,0,0,75,0
57,1000,history,四周历史均值分配,75,7,0,75,7
57,1000,uniform,均匀分配,75,2976,75,0,2901
57,2000,forecast,选定预测方案分配,75,1,0,75,1
57,2000,history,四周历史均值分配,75,29,2,73,27
57,2000,uniform,均匀分配,75,5952,75,0,5877
58,500,forecast,选定预测方案分配,73,0,0,73,0
58,500,history,四周历史均值分配,73,3,1,72,2
58,500,uniform,均匀分配,73,1488,73,0,1415
58,1000,forecast,选定预测方案分配,73,0,0,73,0
58,1000,history,四周历史均值分配,73,5,2,71,3
58,1000,uniform,均匀分配,73,2976,73,0,2903
58,2000,forecast,选定预测方案分配,73,0,0,73,0
58,2000,history,四周历史均值分配,73,25,4,69,21
58,2000,uniform,均匀分配,73,5952,73,0,5879
59,500,forecast,选定预测方案分配,32,0,0,32,0
59,500,history,四周历史均值分配,32,0,0,32,0
59,500,uniform,均匀分配,32,1488,32,0,1456
59,1000,forecast,选定预测方案分配,32,0,0,32,0
59,1000,history,四周历史均值分配,32,3,0,32,3
59,1000,uniform,均匀分配,32,2976,32,0,2944
59,2000,forecast,选定预测方案分配,32,0,0,32,0
59,2000,history,四周历史均值分配,32,7,0,32,7
59,2000,uniform,均匀分配,32,5952,32,0,5920
60,500,forecast,选定预测方案分配,772,69,50,722,19
60,500,history,四周历史均值分配,772,64,46,726,18
60,500,uniform,均匀分配,772,1488,606,166,882
60,1000,forecast,选定预测方案分配,772,155,115,657,40
60,1000,history,四周历史均值分配,772,143,98,674,45
60,1000,uniform,均匀分配,772,2976,744,28,2232
60,2000,forecast,选定预测方案分配,772,325,205,567,120
60,2000,history,四周历史均值分配,772,350,212,560,138
60,2000,uniform,均匀分配,772,5952,771,1,5181
61,500,forecast,选定预测方案分配,7187,1037,1001,6186,36
61,500,history,四周历史均值分配,7187,1014,969,6218,45
61,500,uniform,均匀分配,7187,1488,1444,5743,44
61,1000,forecast,选定预测方案分配,7187,1841,1649,5538,192
61,1000,history,四周历史均值分配,7187,1856,1630,5557,226
61,1000,uniform,均匀分配,7187,2976,2738,4449,238
61,2000,forecast,选定预测方案分配,7187,3617,2818,4369,799
61,2000,history,四周历史均值分配,7187,3611,2728,4459,883
61,2000,uniform,均匀分配,7187,5952,4751,2436,1201
62,500,forecast,选定预测方案分配,2144,216,182,1962,34
62,500,history,四周历史均值分配,2144,193,162,1982,31
62,500,uniform,均匀分配,2144,1488,1107,1037,381
62,1000,forecast,选定预测方案分配,2144,592,474,1670,118
62,1000,history,四周历史均值分配,2144,535,433,1711,102
62,1000,uniform,均匀分配,2144,2976,1706,438,1270
62,2000,forecast,选定预测方案分配,2144,1159,848,1296,311
62,2000,history,四周历史均值分配,2144,1052,778,1366,274
62,2000,uniform,均匀分配,2144,5952,2089,55,3863
63,500,forecast,选定预测方案分配,1412,165,133,1279,32
63,500,history,四周历史均值分配,1412,140,106,1306,34
63,500,uniform,均匀分配,1412,1488,880,532,608
63,1000,forecast,选定预测方案分配,1412,379,279,1133,100
63,1000,history,四周历史均值分配,1412,348,246,1166,102
63,1000,uniform,均匀分配,1412,2976,1213,199,1763
63,2000,forecast,选定预测方案分配,1412,852,553,859,299
63,2000,history,四周历史均值分配,1412,766,471,941,295
63,2000,uniform,均匀分配,1412,5952,1378,34,4574
64,500,forecast,选定预测方案分配,156,0,0,156,0
64,500,history,四周历史均值分配,156,0,0,156,0
64,500,uniform,均匀分配,156,1488,150,6,1338
64,1000,forecast,选定预测方案分配,156,1,1,155,0
64,1000,history,四周历史均值分配,156,8,2,154,6
64,1000,uniform,均匀分配,156,2976,156,0,2820
64,2000,forecast,选定预测方案分配,156,25,5,151,20
64,2000,history,四周历史均值分配,156,34,7,149,27
64,2000,uniform,均匀分配,156,5952,156,0,5796
65,500,forecast,选定预测方案分配,5714,733,688,5026,45
65,500,history,四周历史均值分配,5714,672,634,5080,38
65,500,uniform,均匀分配,5714,1488,1341,4373,147
65,1000,forecast,选定预测方案分配,5714,1052,964,4750,88
65,1000,history,四周历史均值分配,5714,1023,925,4789,98
65,1000,uniform,均匀分配,5714,2976,2462,3252,514
65,2000,forecast,选定预测方案分配,5714,2109,1789,3925,320
65,2000,history,四周历史均值分配,5714,2002,1689,4025,313
65,2000,uniform,均匀分配,5714,5952,4106,1608,1846
66,500,forecast,选定预测方案分配,5896,605,581,5315,24
66,500,history,四周历史均值分配,5896,569,538,5358,31
66,500,uniform,均匀分配,5896,1488,1269,4627,219
66,1000,forecast,选定预测方案分配,5896,1010,931,4965,79
66,1000,history,四周历史均值分配,5896,908,847,5049,61
66,1000,uniform,均匀分配,5896,2976,2323,3573,653
66,2000,forecast,选定预测方案分配,5896,1900,1706,4190,194
66,2000,history,四周历史均值分配,5896,1744,1567,4329,177
66,2000,uniform,均匀分配,5896,5952,3933,1963,2019
67,500,forecast,选定预测方案分配,960,10,9,951,1
67,500,history,四周历史均值分配,960,14,7,953,7
67,500,uniform,均匀分配,960,1488,597,363,891
67,1000,forecast,选定预测方案分配,960,85,55,905,30
67,1000,history,四周历史均值分配,960,64,33,927,31
67,1000,uniform,均匀分配,960,2976,782,178,2194
67,2000,forecast,选定预测方案分配,960,305,173,787,132
67,2000,history,四周历史均值分配,960,223,115,845,108
67,2000,uniform,均匀分配,960,5952,908,52,5044
68,500,forecast,选定预测方案分配,107679,9051,8994,98685,57
68,500,history,四周历史均值分配,107679,8890,8826,98853,64
68,500,uniform,均匀分配,107679,1488,1488,106191,0
68,1000,forecast,选定预测方案分配,107679,17999,17328,90351,671
68,1000,history,四周历史均值分配,107679,17703,17122,90557,581
68,1000,uniform,均匀分配,107679,2976,2975,104704,1
68,2000,forecast,选定预测方案分配,107679,35924,32733,74946,3191
68,2000,history,四周历史均值分配,107679,35328,32335,75344,2993
68,2000,uniform,均匀分配,107679,5952,5924,101755,28
69,500,forecast,选定预测方案分配,1933,178,170,1763,8
69,500,history,四周历史均值分配,1933,156,141,1792,15
69,500,uniform,均匀分配,1933,1488,1013,920,475
69,1000,forecast,选定预测方案分配,1933,442,374,1559,68
69,1000,history,四周历史均值分配,1933,438,373,1560,65
69,1000,uniform,均匀分配,1933,2976,1530,403,1446
69,2000,forecast,选定预测方案分配,1933,987,752,1181,235
69,2000,history,四周历史均值分配,1933,908,689,1244,219
69,2000,uniform,均匀分配,1933,5952,1858,75,4094
70,500,forecast,选定预测方案分配,9617,911,860,8757,51
70,500,history,四周历史均值分配,9617,911,841,8776,70
70,500,uniform,均匀分配,9617,1488,1309,8308,179
70,1000,forecast,选定预测方案分配,9617,1777,1655,7962,122
70,1000,history,四周历史均值分配,9617,1772,1586,8031,186
70,1000,uniform,均匀分配,9617,2976,2459,7158,517
70,2000,forecast,选定预测方案分配,9617,3429,3034,6583,395
70,2000,history,四周历史均值分配,9617,3445,2900,6717,545
70,2000,uniform,均匀分配,9617,5952,4480,5137,1472
71,500,forecast,选定预测方案分配,2276,290,257,2019,33
71,500,history,四周历史均值分配,2276,293,251,2025,42
71,500,uniform,均匀分配,2276,1488,1103,1173,385
71,1000,forecast,选定预测方案分配,2276,705,572,1704,133
71,1000,history,四周历史均值分配,2276,672,527,1749,145
71,1000,uniform,均匀分配,2276,2976,1725,551,1251
71,2000,forecast,选定预测方案分配,2276,1360,956,1320,404
71,2000,history,四周历史均值分配,2276,1346,896,1380,450
71,2000,uniform,均匀分配,2276,5952,2184,92,3768
72,500,forecast,选定预测方案分配,2636,333,300,2336,33
72,500,history,四周历史均值分配,2636,335,296,2340,39
72,500,uniform,均匀分配,2636,1488,1122,1514,366
72,1000,forecast,选定预测方案分配,2636,771,649,1987,122
72,1000,history,四周历史均值分配,2636,749,612,2024,137
72,1000,uniform,均匀分配,2636,2976,1806,830,1170
72,2000,forecast,选定预测方案分配,2636,1516,1104,1532,412
72,2000,history,四周历史均值分配,2636,1457,1014,1622,443
72,2000,uniform,均匀分配,2636,5952,2442,194,3510
73,500,forecast,选定预测方案分配,168,0,0,168,0
73,500,history,四周历史均值分配,168,5,1,167,4
73,500,uniform,均匀分配,168,1488,162,6,1326
73,1000,forecast,选定预测方案分配,168,0,0,168,0
73,1000,history,四周历史均值分配,168,17,2,166,15
73,1000,uniform,均匀分配,168,2976,168,0,2808
73,2000,forecast,选定预测方案分配,168,41,6,162,35
73,2000,history,四周历史均值分配,168,60,6,162,54
73,2000,uniform,均匀分配,168,5952,168,0,5784
74,500,forecast,选定预测方案分配,18371,1999,1968,16403,31
74,500,history,四周历史均值分配,18371,1868,1831,16540,37
74,500,uniform,均匀分配,18371,1488,1475,16896,13
74,1000,forecast,选定预测方案分配,18371,3947,3695,14676,252
74,1000,history,四周历史均值分配,18371,3650,3438,14933,212
74,1000,uniform,均匀分配,18371,2976,2895,15476,81
74,2000,forecast,选定预测方案分配,18371,7797,6587,11784,1210
74,2000,history,四周历史均值分配,18371,7226,6188,12183,1038
74,2000,uniform,均匀分配,18371,5952,5556,12815,396
75,500,forecast,选定预测方案分配,35097,3281,3247,31850,34
75,500,history,四周历史均值分配,35097,3221,3174,31923,47
75,500,uniform,均匀分配,35097,1488,1487,33610,1
75,1000,forecast,选定预测方案分配,35097,6459,6211,28886,248
75,1000,history,四周历史均值分配,35097,6374,6089,29008,285
75,1000,uniform,均匀分配,35097,2976,2944,32153,32
75,2000,forecast,选定预测方案分配,35097,12848,11512,23585,1336
75,2000,history,四周历史均值分配,35097,12630,11172,23925,1458
75,2000,uniform,均匀分配,35097,5952,5688,29409,264
76,500,forecast,选定预测方案分配,5131,744,704,4427,40
76,500,history,四周历史均值分配,5131,726,679,4452,47
76,500,uniform,均匀分配,5131,1488,1332,3799,156
76,1000,forecast,选定预测方案分配,5131,1412,1243,3888,169
76,1000,history,四周历史均值分配,5131,1396,1201,3930,195
76,1000,uniform,均匀分配,5131,2976,2391,2740,585
76,2000,forecast,选定预测方案分配,5131,2728,2073,3058,655
76,2000,history,四周历史均值分配,5131,2715,2006,3125,709
76,2000,uniform,均匀分配,5131,5952,3818,1313,2134
77,500,forecast,选定预测方案分配,1300,143,115,1185,28
77,500,history,四周历史均值分配,1300,133,104,1196,29
77,500,uniform,均匀分配,1300,1488,855,445,633
77,1000,forecast,选定预测方案分配,1300,320,244,1056,76
77,1000,history,四周历史均值分配,1300,323,241,1059,82
77,1000,uniform,均匀分配,1300,2976,1183,117,1793
77,2000,forecast,选定预测方案分配,1300,752,506,794,246
77,2000,history,四周历史均值分配,1300,709,461,839,248
77,2000,uniform,均匀分配,1300,5952,1296,4,4656
78,500,forecast,选定预测方案分配,1243,122,98,1145,24
78,500,history,四周历史均值分配,1243,104,82,1161,22
78,500,uniform,均匀分配,1243,1488,830,413,658
78,1000,forecast,选定预测方案分配,1243,229,180,1063,49
78,1000,history,四周历史均值分配,1243,236,175,1068,61
78,1000,uniform,均匀分配,1243,2976,1116,127,1860
78,2000,forecast,选定预测方案分配,1243,626,427,816,199
78,2000,history,四周历史均值分配,1243,584,391,852,193
78,2000,uniform,均匀分配,1243,5952,1226,17,4726
79,500,forecast,选定预测方案分配,105006,10293,10226,94780,67
79,500,history,四周历史均值分配,105006,10746,10606,94400,140
79,500,uniform,均匀分配,105006,1488,1488,103518,0
79,1000,forecast,选定预测方案分配,105006,20502,19352,85654,1150
79,1000,history,四周历史均值分配,105006,21391,19778,85228,1613
79,1000,uniform,均匀分配,105006,2976,2976,102030,0
79,2000,forecast,选定预测方案分配,105006,40935,35153,69853,5782
79,2000,history,四周历史均值分配,105006,42716,35440,69566,7276
79,2000,uniform,均匀分配,105006,5952,5945,99061,7
80,500,forecast,选定预测方案分配,5443,755,713,4730,42
80,500,history,四周历史均值分配,5443,733,689,4754,44
80,500,uniform,均匀分配,5443,1488,1388,4055,100
80,1000,forecast,选定预测方案分配,5443,1558,1372,4071,186
80,1000,history,四周历史均值分配,5443,1490,1318,4125,172
80,1000,uniform,均匀分配,5443,2976,2473,2970,503
80,2000,forecast,选定预测方案分配,5443,2897,2183,3260,714
80,2000,history,四周历史均值分配,5443,2855,2172,3271,683
80,2000,uniform,均匀分配,5443,5952,3740,1703,2212
81,500,forecast,选定预测方案分配,803,66,50,753,16
81,500,history,四周历史均值分配,803,59,46,757,13
81,500,uniform,均匀分配,803,1488,627,176,861
81,1000,forecast,选定预测方案分配,803,163,130,673,33
81,1000,history,四周历史均值分配,803,163,118,685,45
81,1000,uniform,均匀分配,803,2976,764,39,2212
81,2000,forecast,选定预测方案分配,803,352,233,570,119
81,2000,history,四周历史均值分配,803,369,221,582,148
81,2000,uniform,均匀分配,803,5952,803,0,5149
82,500,forecast,选定预测方案分配,3196,494,455,2741,39
82,500,history,四周历史均值分配,3196,405,361,2835,44
82,500,uniform,均匀分配,3196,1488,1307,1889,181
82,1000,forecast,选定预测方案分配,3196,1080,890,2306,190
82,1000,history,四周历史均值分配,3196,936,721,2475,215
82,1000,uniform,均匀分配,3196,2976,2145,1051,831
82,2000,forecast,选定预测方案分配,3196,2136,1422,1774,714
82,2000,history,四周历史均值分配,3196,1834,1179,2017,655
82,2000,uniform,均匀分配,3196,5952,2855,341,3097
83,500,forecast,选定预测方案分配,1169,119,75,1094,44
83,500,history,四周历史均值分配,1169,80,52,1117,28
83,500,uniform,均匀分配,1169,1488,864,305,624
83,1000,forecast,选定预测方案分配,1169,278,182,987,96
83,1000,history,四周历史均值分配,1169,210,135,1034,75
83,1000,uniform,均匀分配,1169,2976,1093,76,1883
83,2000,forecast,选定预测方案分配,1169,684,395,774,289
83,2000,history,四周历史均值分配,1169,557,332,837,225
83,2000,uniform,均匀分配,1169,5952,1169,0,4783
84,500,forecast,选定预测方案分配,4,0,0,4,0
84,500,history,四周历史均值分配,4,0,0,4,0
84,500,uniform,均匀分配,4,1488,4,0,1484
84,1000,forecast,选定预测方案分配,4,0,0,4,0
84,1000,history,四周历史均值分配,4,0,0,4,0
84,1000,uniform,均匀分配,4,2976,4,0,2972
84,2000,forecast,选定预测方案分配,4,0,0,4,0
84,2000,history,四周历史均值分配,4,0,0,4,0
84,2000,uniform,均匀分配,4,5952,4,0,5948
85,500,forecast,选定预测方案分配,1670,168,143,1527,25
85,500,history,四周历史均值分配,1670,160,138,1532,22
85,500,uniform,均匀分配,1670,1488,998,672,490
85,1000,forecast,选定预测方案分配,1670,428,340,1330,88
85,1000,history,四周历史均值分配,1670,391,310,1360,81
85,1000,uniform,均匀分配,1670,2976,1421,249,1555
85,2000,forecast,选定预测方案分配,1670,1018,706,964,312
85,2000,history,四周历史均值分配,1670,887,629,1041,258
85,2000,uniform,均匀分配,1670,5952,1631,39,4321
86,500,forecast,选定预测方案分配,1142,101,79,1063,22
86,500,history,四周历史均值分配,1142,96,71,1071,25
86,500,uniform,均匀分配,1142,1488,767,375,721
86,1000,forecast,选定预测方案分配,1142,281,220,922,61
86,1000,history,四周历史均值分配,1142,311,237,905,74
86,1000,uniform,均匀分配,1142,2976,1046,96,1930
86,2000,forecast,选定预测方案分配,1142,644,426,716,218
86,2000,history,四周历史均值分配,1142,617,385,757,232
86,2000,uniform,均匀分配,1142,5952,1140,2,4812
87,500,forecast,选定预测方案分配,31311,2599,2558,28753,41
87,500,history,四周历史均值分配,31311,2495,2449,28862,46
87,500,uniform,均匀分配,31311,1488,1475,29836,13
87,1000,forecast,选定预测方案分配,31311,5141,4923,26388,218
87,1000,history,四周历史均值分配,31311,4928,4698,26613,230
87,1000,uniform,均匀分配,31311,2976,2890,28421,86
87,2000,forecast,选定预测方案分配,31311,10198,9224,22087,974
87,2000,history,四周历史均值分配,31311,9786,8765,22546,1021
87,2000,uniform,均匀分配,31311,5952,5539,25772,413
88,500,forecast,选定预测方案分配,16881,1413,1375,15506,38
88,500,history,四周历史均值分配,16881,1344,1297,15584,47
88,500,uniform,均匀分配,16881,1488,1403,15478,85
88,1000,forecast,选定预测方案分配,16881,2754,2621,14260,133
88,1000,history,四周历史均值分配,16881,2595,2433,14448,162
88,1000,uniform,均匀分配,16881,2976,2683,14198,293
88,2000,forecast,选定预测方案分配,16881,5419,4911,11970,508
88,2000,history,四周历史均值分配,16881,5123,4594,12287,529
88,2000,uniform,均匀分配,16881,5952,4979,11902,973
89,500,forecast,选定预测方案分配,4517,613,579,3938,34
89,500,history,四周历史均值分配,4517,608,574,3943,34
89,500,uniform,均匀分配,4517,1488,1332,3185,156
89,1000,forecast,选定预测方案分配,4517,1171,1041,3476,130
89,1000,history,四周历史均值分配,4517,1156,1019,3498,137
89,1000,uniform,均匀分配,4517,2976,2365,2152,611
89,2000,forecast,选定预测方案分配,4517,2182,1700,2817,482
89,2000,history,四周历史均值分配,4517,2167,1671,2846,496
89,2000,uniform,均匀分配,4517,5952,3635,882,2317
90,500,forecast,选定预测方案分配,63772,5593,5511,58261,82
90,500,history,四周历史均值分配,63772,5530,5448,58324,82
90,500,uniform,均匀分配,63772,1488,1487,62285,1
90,1000,forecast,选定预测方案分配,63772,11072,10537,53235,535
90,1000,history,四周历史均值分配,63772,11003,10441,53331,562
90,1000,uniform,均匀分配,63772,2976,2965,60807,11
90,2000,forecast,选定预测方案分配,63772,22080,19604,44168,2476
90,2000,history,四周历史均值分配,63772,21925,19371,44401,2554
90,2000,uniform,均匀分配,63772,5952,5865,57907,87
91,500,forecast,选定预测方案分配,2387,245,221,2166,24
91,500,history,四周历史均值分配,2387,252,225,2162,27
91,500,uniform,均匀分配,2387,1488,1042,1345,446
91,1000,forecast,选定预测方案分配,2387,619,523,1864,96
91,1000,history,四周历史均值分配,2387,560,468,1919,92
91,1000,uniform,均匀分配,2387,2976,1662,725,1314
91,2000,forecast,选定预测方案分配,2387,1184,871,1516,313
91,2000,history,四周历史均值分配,2387,1133,849,1538,284
91,2000,uniform,均匀分配,2387,5952,2188,199,3764
92,500,forecast,选定预测方案分配,1489,121,84,1405,37
92,500,history,四周历史均值分配,1489,102,59,1430,43
92,500,uniform,均匀分配,1489,1488,971,518,517
92,1000,forecast,选定预测方案分配,1489,331,228,1261,103
92,1000,history,四周历史均值分配,1489,294,192,1297,102
92,1000,uniform,均匀分配,1489,2976,1313,176,1663
92,2000,forecast,选定预测方案分配,1489,855,574,915,281
92,2000,history,四周历史均值分配,1489,765,482,1007,283
92,2000,uniform,均匀分配,1489,5952,1467,22,4485
93,500,forecast,选定预测方案分配,535,1,0,535,1
93,500,history,四周历史均值分配,535,13,2,533,11
93,500,uniform,均匀分配,535,1488,473,62,1015
93,1000,forecast,选定预测方案分配,535,20,6,529,14
93,1000,history,四周历史均值分配,535,44,8,527,36
93,1000,uniform,均匀分配,535,2976,529,6,2447
93,2000,forecast,选定预测方案分配,535,172,54,481,118
93,2000,history,四周历史均值分配,535,196,64,471,132
93,2000,uniform,均匀分配,535,5952,535,0,5417
94,500,forecast,选定预测方案分配,535,22,13,522,9
94,500,history,四周历史均值分配,535,16,9,526,7
94,500,uniform,均匀分配,535,1488,450,85,1038
94,1000,forecast,选定预测方案分配,535,95,47,488,48
94,1000,history,四周历史均值分配,535,69,33,502,36
94,1000,uniform,均匀分配,535,2976,530,5,2446
94,2000,forecast,选定预测方案分配,535,225,114,421,111
94,2000,history,四周历史均值分配,535,194,95,440,99
94,2000,uniform,均匀分配,535,5952,535,0,5417
95,500,forecast,选定预测方案分配,2697,277,244,2453,33
95,500,history,四周历史均值分配,2697,210,188,2509,22
95,500,uniform,均匀分配,2697,1488,1233,1464,255
95,1000,forecast,选定预测方案分配,2697,714,634,2063,80
95,1000,history,四周历史均值分配,2697,587,525,2172,62
95,1000,uniform,均匀分配,2697,2976,1978,719,998
95,2000,forecast,选定预测方案分配,2697,1258,998,1699,260
95,2000,history,四周历史均值分配,2697,1081,877,1820,204
95,2000,uniform,均匀分配,2697,5952,2529,168,3423
96,500,forecast,选定预测方案分配,69,0,0,69,0
96,500,history,四周历史均值分配,69,0,0,69,0
96,500,uniform,均匀分配,69,1488,69,0,1419
96,1000,forecast,选定预测方案分配,69,0,0,69,0
96,1000,history,四周历史均值分配,69,5,0,69,5
96,1000,uniform,均匀分配,69,2976,69,0,2907
96,2000,forecast,选定预测方案分配,69,0,0,69,0
96,2000,history,四周历史均值分配,69,20,1,68,19
96,2000,uniform,均匀分配,69,5952,69,0,5883
97,500,forecast,选定预测方案分配,5982,781,743,5239,38
97,500,history,四周历史均值分配,5982,741,702,5280,39
97,500,uniform,均匀分配,5982,1488,1357,4625,131
97,1000,forecast,选定预测方案分配,5982,1183,1070,4912,113
97,1000,history,四周历史均值分配,5982,1136,1017,4965,119
97,1000,uniform,均匀分配,5982,2976,2508,3474,468
97,2000,forecast,选定预测方案分配,5982,2352,1960,4022,392
97,2000,history,四周历史均值分配,5982,2265,1870,4112,395
97,2000,uniform,均匀分配,5982,5952,4201,1781,1751
98,500,forecast,选定预测方案分配,259,0,0,259,0
98,500,history,四周历史均值分配,259,1,1,258,0
98,500,uniform,均匀分配,259,1488,249,10,1239
98,1000,forecast,选定预测方案分配,259,2,2,257,0
98,1000,history,四周历史均值分配,259,14,2,257,12
98,1000,uniform,均匀分配,259,2976,259,0,2717
98,2000,forecast,选定预测方案分配,259,60,11,248,49
98,2000,history,四周历史均值分配,259,58,10,249,48
98,2000,uniform,均匀分配,259,5952,259,0,5693
99,500,forecast,选定预测方案分配,0,0,0,0,0
99,500,history,四周历史均值分配,0,0,0,0,0
99,500,uniform,均匀分配,0,1488,0,0,1488
99,1000,forecast,选定预测方案分配,0,0,0,0,0
99,1000,history,四周历史均值分配,0,0,0,0,0
99,1000,uniform,均匀分配,0,2976,0,0,2976
99,2000,forecast,选定预测方案分配,0,0,0,0,0
99,2000,history,四周历史均值分配,0,0,0,0,0
99,2000,uniform,均匀分配,0,5952,0,0,5952
100,500,forecast,选定预测方案分配,57779,5794,5739,52040,55
100,500,history,四周历史均值分配,57779,5715,5665,52114,50
100,500,uniform,均匀分配,57779,1488,1487,56292,1
100,1000,forecast,选定预测方案分配,57779,11525,10965,46814,560
100,1000,history,四周历史均值分配,57779,11319,10771,47008,548
100,1000,uniform,均匀分配,57779,2976,2972,54807,4
100,2000,forecast,选定预测方案分配,57779,22948,19854,37925,3094
100,2000,history,四周历史均值分配,57779,22555,19510,38269,3045
100,2000,uniform,均匀分配,57779,5952,5917,51862,35
101,500,forecast,选定预测方案分配,313,1,1,312,0
101,500,history,四周历史均值分配,313,11,4,309,7
101,500,uniform,均匀分配,313,1488,287,26,1201
101,1000,forecast,选定预测方案分配,313,30,11,302,19
101,1000,history,四周历史均值分配,313,45,19,294,26
101,1000,uniform,均匀分配,313,2976,309,4,2667
101,2000,forecast,选定预测方案分配,313,133,46,267,87
101,2000,history,四周历史均值分配,313,110,38,275,72
101,2000,uniform,均匀分配,313,5952,313,0,5639
102,500,forecast,选定预测方案分配,648,6,4,644,2
102,500,history,四周历史均值分配,648,33,17,631,16
102,500,uniform,均匀分配,648,1488,543,105,945
102,1000,forecast,选定预测方案分配,648,99,57,591,42
102,1000,history,四周历史均值分配,648,97,55,593,42
102,1000,uniform,均匀分配,648,2976,637,11,2339
102,2000,forecast,选定预测方案分配,648,256,143,505,113
102,2000,history,四周历史均值分配,648,271,125,523,146
102,2000,uniform,均匀分配,648,5952,647,1,5305
103,500,forecast,选定预测方案分配,0,0,0,0,0
103,500,history,四周历史均值分配,0,0,0,0,0
103,500,uniform,均匀分配,0,1488,0,0,1488
103,1000,forecast,选定预测方案分配,0,0,0,0,0
103,1000,history,四周历史均值分配,0,0,0,0,0
103,1000,uniform,均匀分配,0,2976,0,0,2976
103,2000,forecast,选定预测方案分配,0,0,0,0,0
103,2000,history,四周历史均值分配,0,0,0,0,0
103,2000,uniform,均匀分配,0,5952,0,0,5952
104,500,forecast,选定预测方案分配,0,0,0,0,0
104,500,history,四周历史均值分配,0,0,0,0,0
104,500,uniform,均匀分配,0,1488,0,0,1488
104,1000,forecast,选定预测方案分配,0,0,0,0,0
104,1000,history,四周历史均值分配,0,0,0,0,0
104,1000,uniform,均匀分配,0,2976,0,0,2976
104,2000,forecast,选定预测方案分配,0,0,0,0,0
104,2000,history,四周历史均值分配,0,0,0,0,0
104,2000,uniform,均匀分配,0,5952,0,0,5952
105,500,forecast,选定预测方案分配,2,0,0,2,0
105,500,history,四周历史均值分配,2,0,0,2,0
105,500,uniform,均匀分配,2,1488,2,0,1486
105,1000,forecast,选定预测方案分配,2,0,0,2,0
105,1000,history,四周历史均值分配,2,0,0,2,0
105,1000,uniform,均匀分配,2,2976,2,0,2974
105,2000,forecast,选定预测方案分配,2,0,0,2,0
105,2000,history,四周历史均值分配,2,0,0,2,0
105,2000,uniform,均匀分配,2,5952,2,0,5950
106,500,forecast,选定预测方案分配,1349,12,10,1339,2
106,500,history,四周历史均值分配,1349,22,14,1335,8
106,500,uniform,均匀分配,1349,1488,852,497,636
106,1000,forecast,选定预测方案分配,1349,228,133,1216,95
106,1000,history,四周历史均值分配,1349,186,129,1220,57
106,1000,uniform,均匀分配,1349,2976,1166,183,1810
106,2000,forecast,选定预测方案分配,1349,596,407,942,189
106,2000,history,四周历史均值分配,1349,508,352,997,156
106,2000,uniform,均匀分配,1349,5952,1295,54,4657
107,500,forecast,选定预测方案分配,85519,7207,7154,78365,53
107,500,history,四周历史均值分配,85519,7233,7169,78350,64
107,500,uniform,均匀分配,85519,1488,1488,84031,0
107,1000,forecast,选定预测方案分配,85519,14364,13862,71657,502
107,1000,history,四周历史均值分配,85519,14396,13802,71717,594
107,1000,uniform,均匀分配,85519,2976,2976,82543,0
107,2000,forecast,选定预测方案分配,85519,28625,25924,59595,2701
107,2000,history,四周历史均值分配,85519,28679,25650,59869,3029
107,2000,uniform,均匀分配,85519,5952,5923,79596,29
108,500,forecast,选定预测方案分配,538,1,0,538,1
108,500,history,四周历史均值分配,538,8,6,532,2
108,500,uniform,均匀分配,538,1488,450,88,1038
108,1000,forecast,选定预测方案分配,538,43,34,504,9
108,1000,history,四周历史均值分配,538,52,35,503,17
108,1000,uniform,均匀分配,538,2976,527,11,2449
108,2000,forecast,选定预测方案分配,538,185,112,426,73
108,2000,history,四周历史均值分配,538,195,114,424,81
108,2000,uniform,均匀分配,538,5952,538,0,5414
109,500,forecast,选定预测方案分配,7,0,0,7,0
109,500,history,四周历史均值分配,7,0,0,7,0
109,500,uniform,均匀分配,7,1488,7,0,1481
109,1000,forecast,选定预测方案分配,7,0,0,7,0
109,1000,history,四周历史均值分配,7,0,0,7,0
109,1000,uniform,均匀分配,7,2976,7,0,2969
109,2000,forecast,选定预测方案分配,7,0,0,7,0
109,2000,history,四周历史均值分配,7,0,0,7,0
109,2000,uniform,均匀分配,7,5952,7,0,5945
110,500,forecast,选定预测方案分配,0,0,0,0,0
110,500,history,四周历史均值分配,0,0,0,0,0
110,500,uniform,均匀分配,0,1488,0,0,1488
110,1000,forecast,选定预测方案分配,0,0,0,0,0
110,1000,history,四周历史均值分配,0,0,0,0,0
110,1000,uniform,均匀分配,0,2976,0,0,2976
110,2000,forecast,选定预测方案分配,0,0,0,0,0
110,2000,history,四周历史均值分配,0,0,0,0,0
110,2000,uniform,均匀分配,0,5952,0,0,5952
111,500,forecast,选定预测方案分配,6,0,0,6,0
111,500,history,四周历史均值分配,6,0,0,6,0
111,500,uniform,均匀分配,6,1488,6,0,1482
111,1000,forecast,选定预测方案分配,6,0,0,6,0
111,1000,history,四周历史均值分配,6,0,0,6,0
111,1000,uniform,均匀分配,6,2976,6,0,2970
111,2000,forecast,选定预测方案分配,6,0,0,6,0
111,2000,history,四周历史均值分配,6,0,0,6,0
111,2000,uniform,均匀分配,6,5952,6,0,5946
112,500,forecast,选定预测方案分配,6663,737,686,5977,51
112,500,history,四周历史均值分配,6663,717,662,6001,55
112,500,uniform,均匀分配,6663,1488,1369,5294,119
112,1000,forecast,选定预测方案分配,6663,1387,1246,5417,141
112,1000,history,四周历史均值分配,6663,1373,1197,5466,176
112,1000,uniform,均匀分配,6663,2976,2509,4154,467
112,2000,forecast,选定预测方案分配,6663,2639,2168,4495,471
112,2000,history,四周历史均值分配,6663,2611,2062,4601,549
112,2000,uniform,均匀分配,6663,5952,4065,2598,1887
113,500,forecast,选定预测方案分配,59506,4874,4820,54686,54
113,500,history,四周历史均值分配,59506,5050,4958,54548,92
113,500,uniform,均匀分配,59506,1488,1481,58025,7
113,1000,forecast,选定预测方案分配,59506,9681,9343,50163,338
113,1000,history,四周历史均值分配,59506,10003,9512,49994,491
113,1000,uniform,均匀分配,59506,2976,2932,56574,44
113,2000,forecast,选定预测方案分配,59506,19296,17674,41832,1622
113,2000,history,四周历史均值分配,59506,19919,17925,41581,1994
113,2000,uniform,均匀分配,59506,5952,5706,53800,246
114,500,forecast,选定预测方案分配,59887,5793,5700,54187,93
114,500,history,四周历史均值分配,59887,5984,5854,54033,130
114,500,uniform,均匀分配,59887,1488,1481,58406,7
114,1000,forecast,选定预测方案分配,59887,11520,10906,48981,614
114,1000,history,四周历史均值分配,59887,11845,11079,48808,766
114,1000,uniform,均匀分配,59887,2976,2936,56951,40
114,2000,forecast,选定预测方案分配,59887,22920,19892,39995,3028
114,2000,history,四周历史均值分配,59887,23634,20248,39639,3386
114,2000,uniform,均匀分配,59887,5952,5716,54171,236
115,500,forecast,选定预测方案分配,33,0,0,33,0
115,500,history,四周历史均值分配,33,0,0,33,0
115,500,uniform,均匀分配,33,1488,32,1,1456
115,1000,forecast,选定预测方案分配,33,0,0,33,0
115,1000,history,四周历史均值分配,33,0,0,33,0
115,1000,uniform,均匀分配,33,2976,33,0,2943
115,2000,forecast,选定预测方案分配,33,0,0,33,0
115,2000,history,四周历史均值分配,33,7,0,33,7
115,2000,uniform,均匀分配,33,5952,33,0,5919
116,500,forecast,选定预测方案分配,10217,1218,1180,9037,38
116,500,history,四周历史均值分配,10217,1105,1073,9144,32
116,500,uniform,均匀分配,10217,1488,1461,8756,27
116,1000,forecast,选定预测方案分配,10217,2330,2136,8081,194
116,1000,history,四周历史均值分配,10217,2113,1950,8267,163
116,1000,uniform,均匀分配,10217,2976,2836,7381,140
116,2000,forecast,选定预测方案分配,10217,4547,3721,6496,826
116,2000,history,四周历史均值分配,10217,4126,3405,6812,721
116,2000,uniform,均匀分配,10217,5952,5192,5025,760
117,500,forecast,选定预测方案分配,1089,106,92,997,14
117,500,history,四周历史均值分配,1089,115,95,994,20
117,500,uniform,均匀分配,1089,1488,730,359,758
117,1000,forecast,选定预测方案分配,1089,238,188,901,50
117,1000,history,四周历史均值分配,1089,279,215,874,64
117,1000,uniform,均匀分配,1089,2976,974,115,2002
117,2000,forecast,选定预测方案分配,1089,571,390,699,181
117,2000,history,四周历史均值分配,1089,603,378,711,225
117,2000,uniform,均匀分配,1089,5952,1078,11,4874
118,500,forecast,选定预测方案分配,28,0,0,28,0
118,500,history,四周历史均值分配,28,0,0,28,0
118,500,uniform,均匀分配,28,1488,28,0,1460
118,1000,forecast,选定预测方案分配,28,0,0,28,0
118,1000,history,四周历史均值分配,28,0,0,28,0
118,1000,uniform,均匀分配,28,2976,28,0,2948
118,2000,forecast,选定预测方案分配,28,0,0,28,0
118,2000,history,四周历史均值分配,28,0,0,28,0
118,2000,uniform,均匀分配,28,5952,28,0,5924
119,500,forecast,选定预测方案分配,1092,121,96,996,25
119,500,history,四周历史均值分配,1092,86,71,1021,15
119,500,uniform,均匀分配,1092,1488,719,373,769
119,1000,forecast,选定预测方案分配,1092,225,169,923,56
119,1000,history,四周历史均值分配,1092,219,153,939,66
119,1000,uniform,均匀分配,1092,2976,956,136,2020
119,2000,forecast,选定预测方案分配,1092,557,347,745,210
119,2000,history,四周历史均值分配,1092,515,323,769,192
119,2000,uniform,均匀分配,1092,5952,1072,20,4880
120,500,forecast,选定预测方案分配,120,0,0,120,0
120,500,history,四周历史均值分配,120,0,0,120,0
120,500,uniform,均匀分配,120,1488,119,1,1369
120,1000,forecast,选定预测方案分配,120,0,0,120,0
120,1000,history,四周历史均值分配,120,0,0,120,0
120,1000,uniform,均匀分配,120,2976,120,0,2856
120,2000,forecast,选定预测方案分配,120,0,0,120,0
120,2000,history,四周历史均值分配,120,5,1,119,4
120,2000,uniform,均匀分配,120,5952,120,0,5832
121,500,forecast,选定预测方案分配,809,47,24,785,23
121,500,history,四周历史均值分配,809,64,36,773,28
121,500,uniform,均匀分配,809,1488,648,161,840
121,1000,forecast,选定预测方案分配,809,160,97,712,63
121,1000,history,四周历史均值分配,809,178,97,712,81
121,1000,uniform,均匀分配,809,2976,772,37,2204
121,2000,forecast,选定预测方案分配,809,384,203,606,181
121,2000,history,四周历史均值分配,809,410,209,600,201
121,2000,uniform,均匀分配,809,5952,806,3,5146
122,500,forecast,选定预测方案分配,516,54,38,478,16
122,500,history,四周历史均值分配,516,62,44,472,18
122,500,uniform,均匀分配,516,1488,432,84,1056
122,1000,forecast,选定预测方案分配,516,132,90,426,42
122,1000,history,四周历史均值分配,516,139,86,430,53
122,1000,uniform,均匀分配,516,2976,502,14,2474
122,2000,forecast,选定预测方案分配,516,279,156,360,123
122,2000,history,四周历史均值分配,516,300,140,376,160
122,2000,uniform,均匀分配,516,5952,516,0,5436
123,500,forecast,选定预测方案分配,820,0,0,820,0
123,500,history,四周历史均值分配,820,7,2,818,5
123,500,uniform,均匀分配,820,1488,593,227,895
123,1000,forecast,选定预测方案分配,820,41,29,791,12
123,1000,history,四周历史均值分配,820,77,52,768,25
123,1000,uniform,均匀分配,820,2976,761,59,2215
123,2000,forecast,选定预测方案分配,820,324,217,603,107
123,2000,history,四周历史均值分配,820,302,189,631,113
123,2000,uniform,均匀分配,820,5952,816,4,5136
124,500,forecast,选定预测方案分配,644,1,1,643,0
124,500,history,四周历史均值分配,644,16,8,636,8
124,500,uniform,均匀分配,644,1488,544,100,944
124,1000,forecast,选定预测方案分配,644,72,35,609,37
124,1000,history,四周历史均值分配,644,66,34,610,32
124,1000,uniform,均匀分配,644,2976,630,14,2346
124,2000,forecast,选定预测方案分配,644,230,106,538,124
124,2000,history,四周历史均值分配,644,216,111,533,105
124,2000,uniform,均匀分配,644,5952,644,0,5308
125,500,forecast,选定预测方案分配,19659,1736,1687,17972,49
125,500,history,四周历史均值分配,19659,1792,1726,17933,66
125,500,uniform,均匀分配,19659,1488,1438,18221,50
125,1000,forecast,选定预测方案分配,19659,3375,3165,16494,210
125,1000,history,四周历史均值分配,19659,3530,3239,16420,291
125,1000,uniform,均匀分配,19659,2976,2779,16880,197
125,2000,forecast,选定预测方案分配,19659,6700,5856,13803,844
125,2000,history,四周历史均值分配,19659,7014,5961,13698,1053
125,2000,uniform,均匀分配,19659,5952,5243,14416,709
126,500,forecast,选定预测方案分配,814,23,13,801,10
126,500,history,四周历史均值分配,814,38,18,796,20
126,500,uniform,均匀分配,814,1488,644,170,844
126,1000,forecast,选定预测方案分配,814,162,102,712,60
126,1000,history,四周历史均值分配,814,138,81,733,57
126,1000,uniform,均匀分配,814,2976,780,34,2196
126,2000,forecast,选定预测方案分配,814,339,188,626,151
126,2000,history,四周历史均值分配,814,375,201,613,174
126,2000,uniform,均匀分配,814,5952,813,1,5139
127,500,forecast,选定预测方案分配,2439,238,196,2243,42
127,500,history,四周历史均值分配,2439,176,149,2290,27
127,500,uniform,均匀分配,2439,1488,1166,1273,322
127,1000,forecast,选定预测方案分配,2439,621,517,1922,104
127,1000,history,四周历史均值分配,2439,530,457,1982,73
127,1000,uniform,均匀分配,2439,2976,1840,599,1136
127,2000,forecast,选定预测方案分配,2439,1165,893,1546,272
127,2000,history,四周历史均值分配,2439,1002,802,1637,200
127,2000,uniform,均匀分配,2439,5952,2331,108,3621
128,500,forecast,选定预测方案分配,213,0,0,213,0
128,500,history,四周历史均值分配,213,0,0,213,0
128,500,uniform,均匀分配,213,1488,211,2,1277
128,1000,forecast,选定预测方案分配,213,0,0,213,0
128,1000,history,四周历史均值分配,213,3,0,213,3
128,1000,uniform,均匀分配,213,2976,213,0,2763
128,2000,forecast,选定预测方案分配,213,2,0,213,2
128,2000,history,四周历史均值分配,213,17,6,207,11
128,2000,uniform,均匀分配,213,5952,213,0,5739
129,500,forecast,选定预测方案分配,5316,971,937,4379,34
129,500,history,四周历史均值分配,5316,898,849,4467,49
129,500,uniform,均匀分配,5316,1488,1451,3865,37
129,1000,forecast,选定预测方案分配,5316,1893,1607,3709,286
129,1000,history,四周历史均值分配,5316,1716,1420,3896,296
129,1000,uniform,均匀分配,5316,2976,2739,2577,237
129,2000,forecast,选定预测方案分配,5316,3623,2431,2885,1192
129,2000,history,四周历史均值分配,5316,3291,2179,3137,1112
129,2000,uniform,均匀分配,5316,5952,4402,914,1550
130,500,forecast,选定预测方案分配,4225,671,618,3607,53
130,500,history,四周历史均值分配,4225,527,494,3731,33
130,500,uniform,均匀分配,4225,1488,1390,2835,98
130,1000,forecast,选定预测方案分配,4225,1410,1192,3033,218
130,1000,history,四周历史均值分配,4225,1158,1010,3215,148
130,1000,uniform,均匀分配,4225,2976,2460,1765,516
130,2000,forecast,选定预测方案分配,4225,2596,1831,2394,765
130,2000,history,四周历史均值分配,4225,2138,1572,2653,566
130,2000,uniform,均匀分配,4225,5952,3615,610,2337
131,500,forecast,选定预测方案分配,788,48,34,754,14
131,500,history,四周历史均值分配,788,41,30,758,11
131,500,uniform,均匀分配,788,1488,628,160,860
131,1000,forecast,选定预测方案分配,788,157,106,682,51
131,1000,history,四周历史均值分配,788,132,86,702,46
131,1000,uniform,均匀分配,788,2976,761,27,2215
131,2000,forecast,选定预测方案分配,788,349,197,591,152
131,2000,history,四周历史均值分配,788,303,175,613,128
131,2000,uniform,均匀分配,788,5952,788,0,5164
132,500,forecast,选定预测方案分配,164487,16488,16127,148360,361
132,500,history,四周历史均值分配,164487,16094,15679,148808,415
132,500,uniform,均匀分配,164487,1488,1488,162999,0
132,1000,forecast,选定预测方案分配,164487,32893,31103,133384,1790
132,1000,history,四周历史均值分配,164487,32098,30017,134470,2081
132,1000,uniform,均匀分配,164487,2976,2967,161520,9
132,2000,forecast,选定预测方案分配,164487,65695,57280,107207,8415
132,2000,history,四周历史均值分配,164487,64121,55576,108911,8545
132,2000,uniform,均匀分配,164487,5952,5870,158617,82
133,500,forecast,选定预测方案分配,1177,77,59,1118,18
133,500,history,四周历史均值分配,1177,52,42,1135,10
133,500,uniform,均匀分配,1177,1488,828,349,660
133,1000,forecast,选定预测方案分配,1177,217,150,1027,67
133,1000,history,四周历史均值分配,1177,173,132,1045,41
133,1000,uniform,均匀分配,1177,2976,1086,91,1890
133,2000,forecast,选定预测方案分配,1177,560,367,810,193
133,2000,history,四周历史均值分配,1177,466,322,855,144
133,2000,uniform,均匀分配,1177,5952,1176,1,4776
134,500,forecast,选定预测方案分配,1105,14,5,1100,9
134,500,history,四周历史均值分配,1105,17,9,1096,8
134,500,uniform,均匀分配,1105,1488,825,280,663
134,1000,forecast,选定预测方案分配,1105,201,111,994,90
134,1000,history,四周历史均值分配,1105,139,88,1017,51
134,1000,uniform,均匀分配,1105,2976,1051,54,1925
134,2000,forecast,选定预测方案分配,1105,591,389,716,202
134,2000,history,四周历史均值分配,1105,443,291,814,152
134,2000,uniform,均匀分配,1105,5952,1105,0,4847
135,500,forecast,选定预测方案分配,667,33,20,647,13
135,500,history,四周历史均值分配,667,27,15,652,12
135,500,uniform,均匀分配,667,1488,551,116,937
135,1000,forecast,选定预测方案分配,667,126,61,606,65
135,1000,history,四周历史均值分配,667,89,40,627,49
135,1000,uniform,均匀分配,667,2976,647,20,2329
135,2000,forecast,选定预测方案分配,667,279,127,540,152
135,2000,history,四周历史均值分配,667,260,124,543,136
135,2000,uniform,均匀分配,667,5952,666,1,5286
136,500,forecast,选定预测方案分配,731,1,1,730,0
136,500,history,四周历史均值分配,731,23,8,723,15
136,500,uniform,均匀分配,731,1488,594,137,894
136,1000,forecast,选定预测方案分配,731,96,56,675,40
136,1000,history,四周历史均值分配,731,90,43,688,47
136,1000,uniform,均匀分配,731,2976,714,17,2262
136,2000,forecast,选定预测方案分配,731,262,157,574,105
136,2000,history,四周历史均值分配,731,295,143,588,152
136,2000,uniform,均匀分配,731,5952,731,0,5221
137,500,forecast,选定预测方案分配,50463,4568,4510,45953,58
137,500,history,四周历史均值分配,50463,4469,4408,46055,61
137,500,uniform,均匀分配,50463,1488,1486,48977,2
137,1000,forecast,选定预测方案分配,50463,9064,8648,41815,416
137,1000,history,四周历史均值分配,50463,8833,8426,42037,407
137,1000,uniform,均匀分配,50463,2976,2963,47500,13
137,2000,forecast,选定预测方案分配,50463,18026,16016,34447,2010
137,2000,history,四周历史均值分配,50463,17577,15599,34864,1978
137,2000,uniform,均匀分配,50463,5952,5847,44616,105
138,500,forecast,选定预测方案分配,111754,8908,8760,102994,148
138,500,history,四周历史均值分配,111754,9967,9433,102321,534
138,500,uniform,均匀分配,111754,1488,1397,110357,91
138,1000,forecast,选定预测方案分配,111754,17730,17207,94547,523
138,1000,history,四周历史均值分配,111754,19826,18170,93584,1656
138,1000,uniform,均匀分配,111754,2976,2708,109046,268
138,2000,forecast,选定预测方案分配,111754,35379,33386,78368,1993
138,2000,history,四周历史均值分配,111754,39563,34355,77399,5208
138,2000,uniform,均匀分配,111754,5952,5192,106562,760
139,500,forecast,选定预测方案分配,559,26,18,541,8
139,500,history,四周历史均值分配,559,37,25,534,12
139,500,uniform,均匀分配,559,1488,456,103,1032
139,1000,forecast,选定预测方案分配,559,97,62,497,35
139,1000,history,四周历史均值分配,559,102,58,501,44
139,1000,uniform,均匀分配,559,2976,545,14,2431
139,2000,forecast,选定预测方案分配,559,238,118,441,120
139,2000,history,四周历史均值分配,559,258,124,435,134
139,2000,uniform,均匀分配,559,5952,559,0,5393
140,500,forecast,选定预测方案分配,84059,6684,6633,77426,51
140,500,history,四周历史均值分配,84059,6701,6657,77402,44
140,500,uniform,均匀分配,84059,1488,1485,82574,3
140,1000,forecast,选定预测方案分配,84059,13281,12928,71131,353
140,1000,history,四周历史均值分配,84059,13329,12980,71079,349
140,1000,uniform,均匀分配,84059,2976,2953,81106,23
140,2000,forecast,选定预测方案分配,84059,26514,24780,59279,1734
140,2000,history,四周历史均值分配,84059,26540,24803,59256,1737
140,2000,uniform,均匀分配,84059,5952,5770,78289,182
141,500,forecast,选定预测方案分配,96068,7794,7729,88339,65
141,500,history,四周历史均值分配,96068,7698,7627,88441,71
141,500,uniform,均匀分配,96068,1488,1488,94580,0
141,1000,forecast,选定预测方案分配,96068,15512,15017,81051,495
141,1000,history,四周历史均值分配,96068,15322,14809,81259,513
141,1000,uniform,均匀分配,96068,2976,2970,93098,6
141,2000,forecast,选定预测方案分配,96068,30943,28642,67426,2301
141,2000,history,四周历史均值分配,96068,30568,28120,67948,2448
141,2000,uniform,均匀分配,96068,5952,5876,90192,76
142,500,forecast,选定预测方案分配,133818,10016,9941,123877,75
142,500,history,四周历史均值分配,133818,9920,9860,123958,60
142,500,uniform,均匀分配,133818,1488,1481,132337,7
142,1000,forecast,选定预测方案分配,133818,19956,19563,114255,393
142,1000,history,四周历史均值分配,133818,19767,19405,114413,362
142,1000,uniform,均匀分配,133818,2976,2948,130870,28
142,2000,forecast,选定预测方案分配,133818,39822,37968,95850,1854
142,2000,history,四周历史均值分配,133818,39456,37542,96276,1914
142,2000,uniform,均匀分配,133818,5952,5781,128037,171
143,500,forecast,选定预测方案分配,50289,4071,4013,46276,58
143,500,history,四周历史均值分配,50289,4158,4103,46186,55
143,500,uniform,均匀分配,50289,1488,1468,48821,20
143,1000,forecast,选定预测方案分配,50289,8083,7811,42478,272
143,1000,history,四周历史均值分配,50289,8239,7944,42345,295
143,1000,uniform,均匀分配,50289,2976,2863,47426,113
143,2000,forecast,选定预测方案分配,50289,16047,14903,35386,1144
143,2000,history,四周历史均值分配,50289,16401,15135,35154,1266
143,2000,uniform,均匀分配,50289,5952,5462,44827,490
144,500,forecast,选定预测方案分配,48061,4263,4205,43856,58
144,500,history,四周历史均值分配,48061,4248,4121,43940,127
144,500,uniform,均匀分配,48061,1488,1464,46597,24
144,1000,forecast,选定预测方案分配,48061,8422,8076,39985,346
144,1000,history,四周历史均值分配,48061,8405,7825,40236,580
144,1000,uniform,均匀分配,48061,2976,2873,45188,103
144,2000,forecast,选定预测方案分配,48061,16773,15018,33043,1755
144,2000,history,四周历史均值分配,48061,16743,14446,33615,2297
144,2000,uniform,均匀分配,48061,5952,5530,42531,422
145,500,forecast,选定预测方案分配,10125,1209,1171,8954,38
145,500,history,四周历史均值分配,10125,1176,1128,8997,48
145,500,uniform,均匀分配,10125,1488,1475,8650,13
145,1000,forecast,选定预测方案分配,10125,2375,2174,7951,201
145,1000,history,四周历史均值分配,10125,2247,2009,8116,238
145,1000,uniform,均匀分配,10125,2976,2874,7251,102
145,2000,forecast,选定预测方案分配,10125,4639,3688,6437,951
145,2000,history,四周历史均值分配,10125,4422,3439,6686,983
145,2000,uniform,均匀分配,10125,5952,5282,4843,670
146,500,forecast,选定预测方案分配,4437,640,600,3837,40
146,500,history,四周历史均值分配,4437,551,510,3927,41
146,500,uniform,均匀分配,4437,1488,1392,3045,96
146,1000,forecast,选定预测方案分配,4437,1178,1017,3420,161
146,1000,history,四周历史均值分配,4437,1096,941,3496,155
146,1000,uniform,均匀分配,4437,2976,2494,1943,482
146,2000,forecast,选定预测方案分配,4437,2218,1671,2766,547
146,2000,history,四周历史均值分配,4437,2010,1510,2927,500
146,2000,uniform,均匀分配,4437,5952,3727,710,2225
147,500,forecast,选定预测方案分配,618,16,13,605,3
147,500,history,四周历史均值分配,618,22,13,605,9
147,500,uniform,均匀分配,618,1488,518,100,970
147,1000,forecast,选定预测方案分配,618,132,86,532,46
147,1000,history,四周历史均值分配,618,103,63,555,40
147,1000,uniform,均匀分配,618,2976,611,7,2365
147,2000,forecast,选定预测方案分配,618,255,151,467,104
147,2000,history,四周历史均值分配,618,241,133,485,108
147,2000,uniform,均匀分配,618,5952,618,0,5334
148,500,forecast,选定预测方案分配,49448,5220,5153,44295,67
148,500,history,四周历史均值分配,49448,5488,5327,44121,161
148,500,uniform,均匀分配,49448,1488,1487,47961,1
148,1000,forecast,选定预测方案分配,49448,10391,9760,39688,631
148,1000,history,四周历史均值分配,49448,10904,9973,39475,931
148,1000,uniform,均匀分配,49448,2976,2967,46481,9
148,2000,forecast,选定预测方案分配,49448,20676,17517,31931,3159
148,2000,history,四周历史均值分配,49448,21740,17724,31724,4016
148,2000,uniform,均匀分配,49448,5952,5843,43605,109
149,500,forecast,选定预测方案分配,627,0,0,627,0
149,500,history,四周历史均值分配,627,8,7,620,1
149,500,uniform,均匀分配,627,1488,508,119,980
149,1000,forecast,选定预测方案分配,627,33,24,603,9
149,1000,history,四周历史均值分配,627,39,23,604,16
149,1000,uniform,均匀分配,627,2976,609,18,2367
149,2000,forecast,选定预测方案分配,627,184,107,520,77
149,2000,history,四周历史均值分配,627,184,105,522,79
149,2000,uniform,均匀分配,627,5952,627,0,5325
150,500,forecast,选定预测方案分配,318,0,0,318,0
150,500,history,四周历史均值分配,318,0,0,318,0
150,500,uniform,均匀分配,318,1488,296,22,1192
150,1000,forecast,选定预测方案分配,318,1,1,317,0
150,1000,history,四周历史均值分配,318,1,0,318,1
150,1000,uniform,均匀分配,318,2976,316,2,2660
150,2000,forecast,选定预测方案分配,318,16,5,313,11
150,2000,history,四周历史均值分配,318,73,22,296,51
150,2000,uniform,均匀分配,318,5952,318,0,5634
151,500,forecast,选定预测方案分配,35761,3118,3075,32686,43
151,500,history,四周历史均值分配,35761,2978,2938,32823,40
151,500,uniform,均匀分配,35761,1488,1465,34296,23
151,1000,forecast,选定预测方案分配,35761,6136,5912,29849,224
151,1000,history,四周历史均值分配,35761,5875,5668,30093,207
151,1000,uniform,均匀分配,35761,2976,2865,32896,111
151,2000,forecast,选定预测方案分配,35761,12161,11079,24682,1082
151,2000,history,四周历史均值分配,35761,11669,10679,25082,990
151,2000,uniform,均匀分配,35761,5952,5472,30289,480
152,500,forecast,选定预测方案分配,6114,790,758,5356,32
152,500,history,四周历史均值分配,6114,741,710,5404,31
152,500,uniform,均匀分配,6114,1488,1390,4724,98
152,1000,forecast,选定预测方案分配,6114,1242,1140,4974,102
152,1000,history,四周历史均值分配,6114,1202,1115,4999,87
152,1000,uniform,均匀分配,6114,2976,2595,3519,381
152,2000,forecast,选定预测方案分配,6114,2490,2081,4033,409
152,2000,history,四周历史均值分配,6114,2373,2019,4095,354
152,2000,uniform,均匀分配,6114,5952,4380,1734,1572
153,500,forecast,选定预测方案分配,278,0,0,278,0
153,500,history,四周历史均值分配,278,0,0,278,0
153,500,uniform,均匀分配,278,1488,259,19,1229
153,1000,forecast,选定预测方案分配,278,0,0,278,0
153,1000,history,四周历史均值分配,278,14,6,272,8
153,1000,uniform,均匀分配,278,2976,275,3,2701
153,2000,forecast,选定预测方案分配,278,34,16,262,18
153,2000,history,四周历史均值分配,278,64,20,258,44
153,2000,uniform,均匀分配,278,5952,278,0,5674
154,500,forecast,选定预测方案分配,52,0,0,52,0
154,500,history,四周历史均值分配,52,0,0,52,0
154,500,uniform,均匀分配,52,1488,51,1,1437
154,1000,forecast,选定预测方案分配,52,0,0,52,0
154,1000,history,四周历史均值分配,52,0,0,52,0
154,1000,uniform,均匀分配,52,2976,52,0,2924
154,2000,forecast,选定预测方案分配,52,0,0,52,0
154,2000,history,四周历史均值分配,52,2,0,52,2
154,2000,uniform,均匀分配,52,5952,52,0,5900
155,500,forecast,选定预测方案分配,1113,9,8,1105,1
155,500,history,四周历史均值分配,1113,18,12,1101,6
155,500,uniform,均匀分配,1113,1488,790,323,698
155,1000,forecast,选定预测方案分配,1113,119,95,1018,24
155,1000,history,四周历史均值分配,1113,144,122,991,22
155,1000,uniform,均匀分配,1113,2976,1057,56,1919
155,2000,forecast,选定预测方案分配,1113,432,318,795,114
155,2000,history,四周历史均值分配,1113,380,284,829,96
155,2000,uniform,均匀分配,1113,5952,1113,0,4839
156,500,forecast,选定预测方案分配,19,0,0,19,0
156,500,history,四周历史均值分配,19,0,0,19,0
156,500,uniform,均匀分配,19,1488,19,0,1469
156,1000,forecast,选定预测方案分配,19,0,0,19,0
156,1000,history,四周历史均值分配,19,0,0,19,0
156,1000,uniform,均匀分配,19,2976,19,0,2957
156,2000,forecast,选定预测方案分配,19,0,0,19,0
156,2000,history,四周历史均值分配,19,1,0,19,1
156,2000,uniform,均匀分配,19,5952,19,0,5933
157,500,forecast,选定预测方案分配,1677,185,164,1513,21
157,500,history,四周历史均值分配,1677,227,182,1495,45
157,500,uniform,均匀分配,1677,1488,875,802,613
157,1000,forecast,选定预测方案分配,1677,475,371,1306,104
157,1000,history,四周历史均值分配,1677,484,342,1335,142
157,1000,uniform,均匀分配,1677,2976,1190,487,1786
157,2000,forecast,选定预测方案分配,1677,1009,664,1013,345
157,2000,history,四周历史均值分配,1677,1079,630,1047,449
157,2000,uniform,均匀分配,1677,5952,1404,273,4548
158,500,forecast,选定预测方案分配,38926,3320,3251,35675,69
158,500,history,四周历史均值分配,38926,3440,3325,35601,115
158,500,uniform,均匀分配,38926,1488,1456,37470,32
158,1000,forecast,选定预测方案分配,38926,6553,6216,32710,337
158,1000,history,四周历史均值分配,38926,6805,6338,32588,467
158,1000,uniform,均匀分配,38926,2976,2840,36086,136
158,2000,forecast,选定预测方案分配,38926,13037,11658,27268,1379
158,2000,history,四周历史均值分配,38926,13506,11831,27095,1675
158,2000,uniform,均匀分配,38926,5952,5448,33478,504
159,500,forecast,选定预测方案分配,1726,156,119,1607,37
159,500,history,四周历史均值分配,1726,119,91,1635,28
159,500,uniform,均匀分配,1726,1488,1024,702,464
159,1000,forecast,选定预测方案分配,1726,368,266,1460,102
159,1000,history,四周历史均值分配,1726,339,253,1473,86
159,1000,uniform,均匀分配,1726,2976,1494,232,1482
159,2000,forecast,选定预测方案分配,1726,944,651,1075,293
159,2000,history,四周历史均值分配,1726,811,559,1167,252
159,2000,uniform,均匀分配,1726,5952,1705,21,4247
160,500,forecast,选定预测方案分配,779,5,3,776,2
160,500,history,四周历史均值分配,779,19,7,772,12
160,500,uniform,均匀分配,779,1488,636,143,852
160,1000,forecast,选定预测方案分配,779,144,82,697,62
160,1000,history,四周历史均值分配,779,103,58,721,45
160,1000,uniform,均匀分配,779,2976,758,21,2218
160,2000,forecast,选定预测方案分配,779,324,185,594,139
160,2000,history,四周历史均值分配,779,289,158,621,131
160,2000,uniform,均匀分配,779,5208,779,0,4429
161,500,forecast,选定预测方案分配,162409,12428,12369,150040,59
161,500,history,四周历史均值分配,162409,13341,13267,149142,74
161,500,uniform,均匀分配,162409,1488,1487,160922,1
161,1000,forecast,选定预测方案分配,162409,24757,24252,138157,505
161,1000,history,四周历史均值分配,162409,26606,26096,136313,510
161,1000,uniform,均匀分配,162409,2976,2968,159441,8
161,2000,forecast,选定预测方案分配,162409,49440,46883,115526,2557
161,2000,history,四周历史均值分配,162409,53130,50626,111783,2504
161,2000,uniform,均匀分配,162409,5208,5149,157260,59
162,500,forecast,选定预测方案分配,130877,10063,9995,120882,68
162,500,history,四周历史均值分配,130877,10252,10192,120685,60
162,500,uniform,均匀分配,130877,1488,1484,129393,4
162,1000,forecast,选定预测方案分配,130877,20018,19580,111297,438
162,1000,history,四周历史均值分配,130877,20422,20015,110862,407
162,1000,uniform,均匀分配,130877,2976,2959,127918,17
162,2000,forecast,选定预测方案分配,130877,40004,37819,93058,2185
162,2000,history,四周历史均值分配,130877,40764,38577,92300,2187
162,2000,uniform,均匀分配,130877,5208,5112,125765,96
163,500,forecast,选定预测方案分配,107852,8343,8299,99553,44
163,500,history,四周历史均值分配,107852,8480,8434,99418,46
163,500,uniform,均匀分配,107852,1488,1488,106364,0
163,1000,forecast,选定预测方案分配,107852,16577,16146,91706,431
163,1000,history,四周历史均值分配,107852,16873,16447,91405,426
163,1000,uniform,均匀分配,107852,2976,2972,104880,4
163,2000,forecast,选定预测方案分配,107852,33063,30972,76880,2091
163,2000,history,四周历史均值分配,107852,33647,31607,76245,2040
163,2000,uniform,均匀分配,107852,5208,5158,102694,50
164,500,forecast,选定预测方案分配,90363,7999,7945,82418,54
164,500,history,四周历史均值分配,90363,7848,7796,82567,52
164,500,uniform,均匀分配,90363,1488,1488,88875,0
164,1000,forecast,选定预测方案分配,90363,15914,15172,75191,742
164,1000,history,四周历史均值分配,90363,15633,15001,75362,632
164,1000,uniform,均匀分配,90363,2976,2975,87388,1
164,2000,forecast,选定预测方案分配,90363,31751,28239,62124,3512
164,2000,history,四周历史均值分配,90363,31193,27948,62415,3245
164,2000,uniform,均匀分配,90363,5208,5190,85173,18
165,500,forecast,选定预测方案分配,1149,4,3,1146,1
165,500,history,四周历史均值分配,1149,19,18,1131,1
165,500,uniform,均匀分配,1149,1488,757,392,731
165,1000,forecast,选定预测方案分配,1149,203,178,971,25
165,1000,history,四周历史均值分配,1149,194,155,994,39
165,1000,uniform,均匀分配,1149,2976,1037,112,1939
165,2000,forecast,选定预测方案分配,1149,426,315,834,111
165,2000,history,四周历史均值分配,1149,394,296,853,98
165,2000,uniform,均匀分配,1149,5208,1143,6,4065
166,500,forecast,选定预测方案分配,26759,2361,2316,24443,45
166,500,history,四周历史均值分配,26759,2475,2397,24362,78
166,500,uniform,均匀分配,26759,1488,1474,25285,14
166,1000,forecast,选定预测方案分配,26759,4650,4419,22340,231
166,1000,history,四周历史均值分配,26759,4895,4575,22184,320
166,1000,uniform,均匀分配,26759,2976,2888,23871,88
166,2000,forecast,选定预测方案分配,26759,9224,8222,18537,1002
166,2000,history,四周历史均值分配,26759,9707,8462,18297,1245
166,2000,uniform,均匀分配,26759,5208,4866,21893,342
167,500,forecast,选定预测方案分配,1393,152,134,1259,18
167,500,history,四周历史均值分配,1393,136,109,1284,27
167,500,uniform,均匀分配,1393,1488,860,533,628
167,1000,forecast,选定预测方案分配,1393,310,256,1137,54
167,1000,history,四周历史均值分配,1393,316,235,1158,81
167,1000,uniform,均匀分配,1393,2976,1172,221,1804
167,2000,forecast,选定预测方案分配,1393,761,539,854,222
167,2000,history,四周历史均值分配,1393,708,464,929,244
167,2000,uniform,均匀分配,1393,5208,1322,71,3886
168,500,forecast,选定预测方案分配,2921,355,306,2615,49
168,500,history,四周历史均值分配,2921,304,263,2658,41
168,500,uniform,均匀分配,2921,1488,1256,1665,232
168,1000,forecast,选定预测方案分配,2921,930,778,2143,152
168,1000,history,四周历史均值分配,2921,803,673,2248,130
168,1000,uniform,均匀分配,2921,2976,2056,865,920
168,2000,forecast,选定预测方案分配,2921,1610,1121,1800,489
168,2000,history,四周历史均值分配,2921,1451,1026,1895,425
168,2000,uniform,均匀分配,2921,5208,2647,274,2561
169,500,forecast,选定预测方案分配,1190,110,88,1102,22
169,500,history,四周历史均值分配,1190,73,54,1136,19
169,500,uniform,均匀分配,1190,1488,820,370,668
169,1000,forecast,选定预测方案分配,1190,235,173,1017,62
169,1000,history,四周历史均值分配,1190,201,139,1051,62
169,1000,uniform,均匀分配,1190,2976,1081,109,1895
169,2000,forecast,选定预测方案分配,1190,625,423,767,202
169,2000,history,四周历史均值分配,1190,526,348,842,178
169,2000,uniform,均匀分配,1190,5208,1179,11,4029
170,500,forecast,选定预测方案分配,107008,8514,8442,98566,72
170,500,history,四周历史均值分配,107008,8737,8662,98346,75
170,500,uniform,均匀分配,107008,1488,1486,105522,2
170,1000,forecast,选定预测方案分配,107008,16936,16455,90553,481
170,1000,history,四周历史均值分配,107008,17388,16893,90115,495
170,1000,uniform,均匀分配,107008,2976,2968,104040,8
170,2000,forecast,选定预测方案分配,107008,33798,31537,75471,2261
170,2000,history,四周历史均值分配,107008,34689,32230,74778,2459
170,2000,uniform,均匀分配,107008,5208,5146,101862,62
171,500,forecast,选定预测方案分配,367,0,0,367,0
171,500,history,四周历史均值分配,367,10,1,366,9
171,500,uniform,均匀分配,367,1488,343,24,1145
171,1000,forecast,选定预测方案分配,367,9,6,361,3
171,1000,history,四周历史均值分配,367,42,16,351,26
171,1000,uniform,均匀分配,367,2976,362,5,2614
171,2000,forecast,选定预测方案分配,367,127,51,316,76
171,2000,history,四周历史均值分配,367,112,38,329,74
171,2000,uniform,均匀分配,367,5208,367,0,4841
172,500,forecast,选定预测方案分配,27,0,0,27,0
172,500,history,四周历史均值分配,27,0,0,27,0
172,500,uniform,均匀分配,27,1488,27,0,1461
172,1000,forecast,选定预测方案分配,27,0,0,27,0
172,1000,history,四周历史均值分配,27,0,0,27,0
172,1000,uniform,均匀分配,27,2976,27,0,2949
172,2000,forecast,选定预测方案分配,27,0,0,27,0
172,2000,history,四周历史均值分配,27,4,0,27,4
172,2000,uniform,均匀分配,27,5208,27,0,5181
173,500,forecast,选定预测方案分配,726,76,51,675,25
173,500,history,四周历史均值分配,726,57,33,693,24
173,500,uniform,均匀分配,726,1488,592,134,896
173,1000,forecast,选定预测方案分配,726,188,117,609,71
173,1000,history,四周历史均值分配,726,146,83,643,63
173,1000,uniform,均匀分配,726,2976,685,41,2291
173,2000,forecast,选定预测方案分配,726,406,210,516,196
173,2000,history,四周历史均值分配,726,322,138,588,184
173,2000,uniform,均匀分配,726,5208,716,10,4492
174,500,forecast,选定预测方案分配,895,19,13,882,6
174,500,history,四周历史均值分配,895,28,22,873,6
174,500,uniform,均匀分配,895,1488,684,211,804
174,1000,forecast,选定预测方案分配,895,148,106,789,42
174,1000,history,四周历史均值分配,895,132,83,812,49
174,1000,uniform,均匀分配,895,2976,846,49,2130
174,2000,forecast,选定预测方案分配,895,348,233,662,115
174,2000,history,四周历史均值分配,895,345,213,682,132
174,2000,uniform,均匀分配,895,5208,890,5,4318
175,500,forecast,选定预测方案分配,215,0,0,215,0
175,500,history,四周历史均值分配,215,0,0,215,0
175,500,uniform,均匀分配,215,1488,211,4,1277
175,1000,forecast,选定预测方案分配,215,2,0,215,2
175,1000,history,四周历史均值分配,215,9,3,212,6
175,1000,uniform,均匀分配,215,2976,215,0,2761
175,2000,forecast,选定预测方案分配,215,65,22,193,43
175,2000,history,四周历史均值分配,215,61,19,196,42
175,2000,uniform,均匀分配,215,5208,215,0,4993
176,500,forecast,选定预测方案分配,14,0,0,14,0
176,500,history,四周历史均值分配,14,0,0,14,0
176,500,uniform,均匀分配,14,1488,14,0,1474
176,1000,forecast,选定预测方案分配,14,0,0,14,0
176,1000,history,四周历史均值分配,14,1,0,14,1
176,1000,uniform,均匀分配,14,2976,14,0,2962
176,2000,forecast,选定预测方案分配,14,0,0,14,0
176,2000,history,四周历史均值分配,14,3,0,14,3
176,2000,uniform,均匀分配,14,5208,14,0,5194
177,500,forecast,选定预测方案分配,2690,316,284,2406,32
177,500,history,四周历史均值分配,2690,301,275,2415,26
177,500,uniform,均匀分配,2690,1488,1194,1496,294
177,1000,forecast,选定预测方案分配,2690,765,657,2033,108
177,1000,history,四周历史均值分配,2690,701,602,2088,99
177,1000,uniform,均匀分配,2690,2976,1930,760,1046
177,2000,forecast,选定预测方案分配,2690,1502,1133,1557,369
177,2000,history,四周历史均值分配,2690,1383,1051,1639,332
177,2000,uniform,均匀分配,2690,5208,2424,266,2784
178,500,forecast,选定预测方案分配,294,0,0,294,0
178,500,history,四周历史均值分配,294,1,0,294,1
178,500,uniform,均匀分配,294,1488,273,21,1215
178,1000,forecast,选定预测方案分配,294,0,0,294,0
178,1000,history,四周历史均值分配,294,5,2,292,3
178,1000,uniform,均匀分配,294,2976,293,1,2683
178,2000,forecast,选定预测方案分配,294,39,14,280,25
178,2000,history,四周历史均值分配,294,46,18,276,28
178,2000,uniform,均匀分配,294,5208,294,0,4914
179,500,forecast,选定预测方案分配,3842,446,404,3438,42
179,500,history,四周历史均值分配,3842,384,342,3500,42
179,500,uniform,均匀分配,3842,1488,1319,2523,169
179,1000,forecast,选定预测方案分配,3842,1002,890,2952,112
179,1000,history,四周历史均值分配,3842,900,789,3053,111
179,1000,uniform,均匀分配,3842,2976,2277,1565,699
179,2000,forecast,选定预测方案分配,3842,1766,1420,2422,346
179,2000,history,四周历史均值分配,3842,1636,1289,2553,347
179,2000,uniform,均匀分配,3842,5208,3130,712,2078
180,500,forecast,选定预测方案分配,520,1,0,520,1
180,500,history,四周历史均值分配,520,9,3,517,6
180,500,uniform,均匀分配,520,1488,460,60,1028
180,1000,forecast,选定预测方案分配,520,45,13,507,32
180,1000,history,四周历史均值分配,520,45,18,502,27
180,1000,uniform,均匀分配,520,2976,513,7,2463
180,2000,forecast,选定预测方案分配,520,227,96,424,131
180,2000,history,四周历史均值分配,520,163,81,439,82
180,2000,uniform,均匀分配,520,5208,520,0,4688
181,500,forecast,选定预测方案分配,5304,713,652,4652,61
181,500,history,四周历史均值分配,5304,578,528,4776,50
181,500,uniform,均匀分配,5304,1488,1315,3989,173
181,1000,forecast,选定预测方案分配,5304,1069,958,4346,111
181,1000,history,四周历史均值分配,5304,999,888,4416,111
181,1000,uniform,均匀分配,5304,2976,2391,2913,585
181,2000,forecast,选定预测方案分配,5304,2079,1708,3596,371
181,2000,history,四周历史均值分配,5304,1871,1540,3764,331
181,2000,uniform,均匀分配,5304,5208,3530,1774,1678
182,500,forecast,选定预测方案分配,1535,173,155,1380,18
182,500,history,四周历史均值分配,1535,166,144,1391,22
182,500,uniform,均匀分配,1535,1488,818,717,670
182,1000,forecast,选定预测方案分配,1535,370,306,1229,64
182,1000,history,四周历史均值分配,1535,364,290,1245,74
182,1000,uniform,均匀分配,1535,2976,1167,368,1809
182,2000,forecast,选定预测方案分配,1535,808,584,951,224
182,2000,history,四周历史均值分配,1535,805,549,986,256
182,2000,uniform,均匀分配,1535,5208,1388,147,3820
183,500,forecast,选定预测方案分配,348,0,0,348,0
183,500,history,四周历史均值分配,348,1,1,347,0
183,500,uniform,均匀分配,348,1488,313,35,1175
183,1000,forecast,选定预测方案分配,348,28,16,332,12
183,1000,history,四周历史均值分配,348,35,15,333,20
183,1000,uniform,均匀分配,348,2976,346,2,2630
183,2000,forecast,选定预测方案分配,348,114,58,290,56
183,2000,history,四周历史均值分配,348,91,46,302,45
183,2000,uniform,均匀分配,348,5208,348,0,4860
184,500,forecast,选定预测方案分配,48,0,0,48,0
184,500,history,四周历史均值分配,48,0,0,48,0
184,500,uniform,均匀分配,48,1488,47,1,1441
184,1000,forecast,选定预测方案分配,48,0,0,48,0
184,1000,history,四周历史均值分配,48,0,0,48,0
184,1000,uniform,均匀分配,48,2976,48,0,2928
184,2000,forecast,选定预测方案分配,48,0,0,48,0
184,2000,history,四周历史均值分配,48,1,0,48,1
184,2000,uniform,均匀分配,48,5208,48,0,5160
185,500,forecast,选定预测方案分配,652,19,18,634,1
185,500,history,四周历史均值分配,652,35,27,625,8
185,500,uniform,均匀分配,652,1488,528,124,960
185,1000,forecast,选定预测方案分配,652,110,74,578,36
185,1000,history,四周历史均值分配,652,97,61,591,36
185,1000,uniform,均匀分配,652,2976,634,18,2342
185,2000,forecast,选定预测方案分配,652,239,152,500,87
185,2000,history,四周历史均值分配,652,248,152,500,96
185,2000,uniform,均匀分配,652,5208,652,0,4556
186,500,forecast,选定预测方案分配,135182,11863,11746,123436,117
186,500,history,四周历史均值分配,135182,11627,11526,123656,101
186,500,uniform,均匀分配,135182,1488,1488,133694,0
186,1000,forecast,选定预测方案分配,135182,23638,22884,112298,754
186,1000,history,四周历史均值分配,135182,23150,22515,112667,635
186,1000,uniform,均匀分配,135182,2976,2974,132208,2
186,2000,forecast,选定预测方案分配,135182,47199,43323,91859,3876
186,2000,history,四周历史均值分配,135182,46245,42578,92604,3667
186,2000,uniform,均匀分配,135182,5208,5183,129999,25
187,500,forecast,选定预测方案分配,11,0,0,11,0
187,500,history,四周历史均值分配,11,0,0,11,0
187,500,uniform,均匀分配,11,1488,10,1,1478
187,1000,forecast,选定预测方案分配,11,0,0,11,0
187,1000,history,四周历史均值分配,11,0,0,11,0
187,1000,uniform,均匀分配,11,2976,11,0,2965
187,2000,forecast,选定预测方案分配,11,0,0,11,0
187,2000,history,四周历史均值分配,11,4,0,11,4
187,2000,uniform,均匀分配,11,5208,11,0,5197
188,500,forecast,选定预测方案分配,4663,696,654,4009,42
188,500,history,四周历史均值分配,4663,622,581,4082,41
188,500,uniform,均匀分配,4663,1488,1347,3316,141
188,1000,forecast,选定预测方案分配,4663,1245,1103,3560,142
188,1000,history,四周历史均值分配,4663,1171,1027,3636,144
188,1000,uniform,均匀分配,4663,2976,2401,2262,575
188,2000,forecast,选定预测方案分配,4663,2392,1831,2832,561
188,2000,history,四周历史均值分配,4663,2255,1725,2938,530
188,2000,uniform,均匀分配,4663,5208,3536,1127,1672
189,500,forecast,选定预测方案分配,2200,167,119,2081,48
189,500,history,四周历史均值分配,2200,128,96,2104,32
189,500,uniform,均匀分配,2200,1488,1071,1129,417
189,1000,forecast,选定预测方案分配,2200,509,411,1789,98
189,1000,history,四周历史均值分配,2200,455,359,1841,96
189,1000,uniform,均匀分配,2200,2976,1637,563,1339
189,2000,forecast,选定预测方案分配,2200,1002,746,1454,256
189,2000,history,四周历史均值分配,2200,889,650,1550,239
189,2000,uniform,均匀分配,2200,5208,1995,205,3213
190,500,forecast,选定预测方案分配,413,0,0,413,0
190,500,history,四周历史均值分配,413,0,0,413,0
190,500,uniform,均匀分配,413,1488,341,72,1147
190,1000,forecast,选定预测方案分配,413,1,0,413,1
190,1000,history,四周历史均值分配,413,8,1,412,7
190,1000,uniform,均匀分配,413,2976,383,30,2593
190,2000,forecast,选定预测方案分配,413,21,10,403,11
190,2000,history,四周历史均值分配,413,70,32,381,38
190,2000,uniform,均匀分配,413,5208,396,17,4812
191,500,forecast,选定预测方案分配,1261,127,99,1162,28
191,500,history,四周历史均值分配,1261,138,98,1163,40
191,500,uniform,均匀分配,1261,1488,798,463,690
191,1000,forecast,选定预测方案分配,1261,318,226,1035,92
191,1000,history,四周历史均值分配,1261,309,200,1061,109
191,1000,uniform,均匀分配,1261,2976,1063,198,1913
191,2000,forecast,选定预测方案分配,1261,735,460,801,275
191,2000,history,四周历史均值分配,1261,712,385,876,327
191,2000,uniform,均匀分配,1261,5208,1186,75,4022
192,500,forecast,选定预测方案分配,299,1,1,298,0
192,500,history,四周历史均值分配,299,3,0,299,3
192,500,uniform,均匀分配,299,1488,286,13,1202
192,1000,forecast,选定预测方案分配,299,3,2,297,1
192,1000,history,四周历史均值分配,299,26,7,292,19
192,1000,uniform,均匀分配,299,2976,299,0,2677
192,2000,forecast,选定预测方案分配,299,95,33,266,62
192,2000,history,四周历史均值分配,299,90,22,277,68
192,2000,uniform,均匀分配,299,5208,299,0,4909
193,500,forecast,选定预测方案分配,3678,433,399,3279,34
193,500,history,四周历史均值分配,3678,382,348,3330,34
193,500,uniform,均匀分配,3678,1488,1226,2452,262
193,1000,forecast,选定预测方案分配,3678,840,735,2943,105
193,1000,history,四周历史均值分配,3678,777,675,3003,102
193,1000,uniform,均匀分配,3678,2976,2105,1573,871
193,2000,forecast,选定预测方案分配,3678,1565,1260,2418,305
193,2000,history,四周历史均值分配,3678,1462,1179,2499,283
193,2000,uniform,均匀分配,3678,5208,2921,757,2287
194,500,forecast,选定预测方案分配,159,0,0,159,0
194,500,history,四周历史均值分配,159,0,0,159,0
194,500,uniform,均匀分配,159,1488,159,0,1329
194,1000,forecast,选定预测方案分配,159,0,0,159,0
194,1000,history,四周历史均值分配,159,8,1,158,7
194,1000,uniform,均匀分配,159,2976,159,0,2817
194,2000,forecast,选定预测方案分配,159,0,0,159,0
194,2000,history,四周历史均值分配,159,25,1,158,24
194,2000,uniform,均匀分配,159,5208,159,0,5049
195,500,forecast,选定预测方案分配,1445,79,74,1371,5
195,500,history,四周历史均值分配,1445,92,80,1365,12
195,500,uniform,均匀分配,1445,1488,786,659,702
195,1000,forecast,选定预测方案分配,1445,276,232,1213,44
195,1000,history,四周历史均值分配,1445,243,195,1250,48
195,1000,uniform,均匀分配,1445,2976,1055,390,1921
195,2000,forecast,选定预测方案分配,1445,739,553,892,186
195,2000,history,四周历史均值分配,1445,677,501,944,176
195,2000,uniform,均匀分配,1445,5208,1183,262,4025
196,500,forecast,选定预测方案分配,1181,15,6,1175,9
196,500,history,四周历史均值分配,1181,10,4,1177,6
196,500,uniform,均匀分配,1181,1488,836,345,652
196,1000,forecast,选定预测方案分配,1181,181,105,1076,76
196,1000,history,四周历史均值分配,1181,134,88,1093,46
196,1000,uniform,均匀分配,1181,2976,1094,87,1882
196,2000,forecast,选定预测方案分配,1181,615,412,769,203
196,2000,history,四周历史均值分配,1181,448,302,879,146
196,2000,uniform,均匀分配,1181,5208,1171,10,4037
197,500,forecast,选定预测方案分配,2429,316,270,2159,46
197,500,history,四周历史均值分配,2429,281,240,2189,41
197,500,uniform,均匀分配,2429,1488,1157,1272,331
197,1000,forecast,选定预测方案分配,2429,784,636,1793,148
197,1000,history,四周历史均值分配,2429,618,493,1936,125
197,1000,uniform,均匀分配,2429,2976,1823,606,1153
197,2000,forecast,选定预测方案分配,2429,1435,991,1438,444
197,2000,history,四周历史均值分配,2429,1219,852,1577,367
197,2000,uniform,均匀分配,2429,5208,2256,173,2952
198,500,forecast,选定预测方案分配,2011,243,210,1801,33
198,500,history,四周历史均值分配,2011,226,186,1825,40
198,500,uniform,均匀分配,2011,1488,1051,960,437
198,1000,forecast,选定预测方案分配,2011,543,440,1571,103
198,1000,history,四周历史均值分配,2011,498,397,1614,101
198,1000,uniform,均匀分配,2011,2976,1571,440,1405
198,2000,forecast,选定预测方案分配,2011,1208,848,1163,360
198,2000,history,四周历史均值分配,2011,1092,733,1278,359
198,2000,uniform,均匀分配,2011,5208,1873,138,3335
199,500,forecast,选定预测方案分配,0,0,0,0,0
199,500,history,四周历史均值分配,0,0,0,0,0
199,500,uniform,均匀分配,0,1488,0,0,1488
199,1000,forecast,选定预测方案分配,0,0,0,0,0
199,1000,history,四周历史均值分配,0,0,0,0,0
199,1000,uniform,均匀分配,0,2976,0,0,2976
199,2000,forecast,选定预测方案分配,0,0,0,0,0
199,2000,history,四周历史均值分配,0,0,0,0,0
199,2000,uniform,均匀分配,0,5208,0,0,5208
200,500,forecast,选定预测方案分配,600,0,0,600,0
200,500,history,四周历史均值分配,600,10,2,598,8
200,500,uniform,均匀分配,600,1488,500,100,988
200,1000,forecast,选定预测方案分配,600,18,10,590,8
200,1000,history,四周历史均值分配,600,60,16,584,44
200,1000,uniform,均匀分配,600,2976,587,13,2389
200,2000,forecast,选定预测方案分配,600,162,78,522,84
200,2000,history,四周历史均值分配,600,209,92,508,117
200,2000,uniform,均匀分配,600,5208,600,0,4608
201,500,forecast,选定预测方案分配,318,0,0,318,0
201,500,history,四周历史均值分配,318,2,0,318,2
201,500,uniform,均匀分配,318,1488,296,22,1192
201,1000,forecast,选定预测方案分配,318,6,3,315,3
201,1000,history,四周历史均值分配,318,22,5,313,17
201,1000,uniform,均匀分配,318,2976,315,3,2661
201,2000,forecast,选定预测方案分配,318,69,25,293,44
201,2000,history,四周历史均值分配,318,80,26,292,54
201,2000,uniform,均匀分配,318,5208,318,0,4890
202,500,forecast,选定预测方案分配,688,0,0,688,0
202,500,history,四周历史均值分配,688,16,8,680,8
202,500,uniform,均匀分配,688,1488,594,94,894
202,1000,forecast,选定预测方案分配,688,53,29,659,24
202,1000,history,四周历史均值分配,688,79,48,640,31
202,1000,uniform,均匀分配,688,2976,681,7,2295
202,2000,forecast,选定预测方案分配,688,246,122,566,124
202,2000,history,四周历史均值分配,688,237,125,563,112
202,2000,uniform,均匀分配,688,5208,688,0,4520
203,500,forecast,选定预测方案分配,570,44,37,533,7
203,500,history,四周历史均值分配,570,44,40,530,4
203,500,uniform,均匀分配,570,1488,496,74,992
203,1000,forecast,选定预测方案分配,570,124,83,487,41
203,1000,history,四周历史均值分配,570,102,80,490,22
203,1000,uniform,均匀分配,570,2976,564,6,2412
203,2000,forecast,选定预测方案分配,570,309,165,405,144
203,2000,history,四周历史均值分配,570,266,152,418,114
203,2000,uniform,均匀分配,570,5208,570,0,4638
204,500,forecast,选定预测方案分配,4,0,0,4,0
204,500,history,四周历史均值分配,4,0,0,4,0
204,500,uniform,均匀分配,4,1488,4,0,1484
204,1000,forecast,选定预测方案分配,4,0,0,4,0
204,1000,history,四周历史均值分配,4,0,0,4,0
204,1000,uniform,均匀分配,4,2976,4,0,2972
204,2000,forecast,选定预测方案分配,4,0,0,4,0
204,2000,history,四周历史均值分配,4,0,0,4,0
204,2000,uniform,均匀分配,4,5208,4,0,5204
205,500,forecast,选定预测方案分配,1495,180,147,1348,33
205,500,history,四周历史均值分配,1495,157,129,1366,28
205,500,uniform,均匀分配,1495,1488,858,637,630
205,1000,forecast,选定预测方案分配,1495,412,311,1184,101
205,1000,history,四周历史均值分配,1495,355,274,1221,81
205,1000,uniform,均匀分配,1495,2976,1236,259,1740
205,2000,forecast,选定预测方案分配,1495,941,624,871,317
205,2000,history,四周历史均值分配,1495,833,553,942,280
205,2000,uniform,均匀分配,1495,5208,1425,70,3783
206,500,forecast,选定预测方案分配,9,0,0,9,0
206,500,history,四周历史均值分配,9,0,0,9,0
206,500,uniform,均匀分配,9,1488,9,0,1479
206,1000,forecast,选定预测方案分配,9,0,0,9,0
206,1000,history,四周历史均值分配,9,0,0,9,0
206,1000,uniform,均匀分配,9,2976,9,0,2967
206,2000,forecast,选定预测方案分配,9,0,0,9,0
206,2000,history,四周历史均值分配,9,1,0,9,1
206,2000,uniform,均匀分配,9,5208,9,0,5199
207,500,forecast,选定预测方案分配,304,0,0,304,0
207,500,history,四周历史均值分配,304,3,0,304,3
207,500,uniform,均匀分配,304,1488,280,24,1208
207,1000,forecast,选定预测方案分配,304,0,0,304,0
207,1000,history,四周历史均值分配,304,14,0,304,14
207,1000,uniform,均匀分配,304,2976,301,3,2675
207,2000,forecast,选定预测方案分配,304,17,4,300,13
207,2000,history,四周历史均值分配,304,47,11,293,36
207,2000,uniform,均匀分配,304,5208,304,0,4904
208,500,forecast,选定预测方案分配,740,34,25,715,9
208,500,history,四周历史均值分配,740,40,28,712,12
208,500,uniform,均匀分配,740,1488,597,143,891
208,1000,forecast,选定预测方案分配,740,143,110,630,33
208,1000,history,四周历史均值分配,740,107,83,657,24
208,1000,uniform,均匀分配,740,2976,711,29,2265
208,2000,forecast,选定预测方案分配,740,325,216,524,109
208,2000,history,四周历史均值分配,740,284,179,561,105
208,2000,uniform,均匀分配,740,5208,738,2,4470
209,500,forecast,选定预测方案分配,9670,904,863,8807,41
209,500,history,四周历史均值分配,9670,857,813,8857,44
209,500,uniform,均匀分配,9670,1488,1375,8295,113
209,1000,forecast,选定预测方案分配,9670,1665,1561,8109,104
209,1000,history,四周历史均值分配,9670,1573,1446,8224,127
209,1000,uniform,均匀分配,9670,2976,2573,7097,403
209,2000,forecast,选定预测方案分配,9670,3237,2857,6813,380
209,2000,history,四周历史均值分配,9670,3028,2623,7047,405
209,2000,uniform,均匀分配,9670,5208,4133,5537,1075
210,500,forecast,选定预测方案分配,1044,20,14,1030,6
210,500,history,四周历史均值分配,1044,48,35,1009,13
210,500,uniform,均匀分配,1044,1488,748,296,740
210,1000,forecast,选定预测方案分配,1044,206,154,890,52
210,1000,history,四周历史均值分配,1044,198,148,896,50
210,1000,uniform,均匀分配,1044,2976,970,74,2006
210,2000,forecast,选定预测方案分配,1044,495,341,703,154
210,2000,history,四周历史均值分配,1044,445,300,744,145
210,2000,uniform,均匀分配,1044,5208,1038,6,4170
211,500,forecast,选定预测方案分配,35706,2811,2757,32949,54
211,500,history,四周历史均值分配,35706,2790,2718,32988,72
211,500,uniform,均匀分配,35706,1488,1429,34277,59
211,1000,forecast,选定预测方案分配,35706,5562,5352,30354,210
211,1000,history,四周历史均值分配,35706,5523,5258,30448,265
211,1000,uniform,均匀分配,35706,2976,2757,32949,219
211,2000,forecast,选定预测方案分配,35706,11051,10205,25501,846
211,2000,history,四周历史均值分配,35706,10942,9966,25740,976
211,2000,uniform,均匀分配,35706,5208,4595,31111,613
212,500,forecast,选定预测方案分配,947,111,86,861,25
212,500,history,四周历史均值分配,947,72,60,887,12
212,500,uniform,均匀分配,947,1488,681,266,807
212,1000,forecast,选定预测方案分配,947,219,165,782,54
212,1000,history,四周历史均值分配,947,178,133,814,45
212,1000,uniform,均匀分配,947,2232,811,136,1421
212,2000,forecast,选定预测方案分配,947,468,301,646,167
212,2000,history,四周历史均值分配,947,410,255,692,155
212,2000,uniform,均匀分配,947,5208,935,12,4273
213,500,forecast,选定预测方案分配,1655,187,174,1481,13
213,500,history,四周历史均值分配,1655,186,168,1487,18
213,500,uniform,均匀分配,1655,1488,915,740,573
213,1000,forecast,选定预测方案分配,1655,410,347,1308,63
213,1000,history,四周历史均值分配,1655,386,318,1337,68
213,1000,uniform,均匀分配,1655,2232,1182,473,1050
213,2000,forecast,选定预测方案分配,1655,921,672,983,249
213,2000,history,四周历史均值分配,1655,859,604,1051,255
213,2000,uniform,均匀分配,1655,5208,1592,63,3616
214,500,forecast,选定预测方案分配,42,0,0,42,0
214,500,history,四周历史均值分配,42,0,0,42,0
214,500,uniform,均匀分配,42,1488,42,0,1446
214,1000,forecast,选定预测方案分配,42,0,0,42,0
214,1000,history,四周历史均值分配,42,2,0,42,2
214,1000,uniform,均匀分配,42,2232,42,0,2190
214,2000,forecast,选定预测方案分配,42,0,0,42,0
214,2000,history,四周历史均值分配,42,14,1,41,13
214,2000,uniform,均匀分配,42,5208,42,0,5166
215,500,forecast,选定预测方案分配,1456,173,134,1322,39
215,500,history,四周历史均值分配,1456,114,92,1364,22
215,500,uniform,均匀分配,1456,1488,931,525,557
215,1000,forecast,选定预测方案分配,1456,396,287,1169,109
215,1000,history,四周历史均值分配,1456,327,244,1212,83
215,1000,uniform,均匀分配,1456,2232,1150,306,1082
215,2000,forecast,选定预测方案分配,1456,915,590,866,325
215,2000,history,四周历史均值分配,1456,749,505,951,244
215,2000,uniform,均匀分配,1456,5208,1423,33,3785
216,500,forecast,选定预测方案分配,3384,518,473,2911,45
216,500,history,四周历史均值分配,3384,457,416,2968,41
216,500,uniform,均匀分配,3384,1488,1297,2087,191
216,1000,forecast,选定预测方案分配,3384,1028,855,2529,173
216,1000,history,四周历史均值分配,3384,903,757,2627,146
216,1000,uniform,均匀分配,3384,2232,1799,1585,433
216,2000,forecast,选定预测方案分配,3384,1955,1371,2013,584
216,2000,history,四周历史均值分配,3384,1699,1210,2174,489
216,2000,uniform,均匀分配,3384,5208,2988,396,2220
217,500,forecast,选定预测方案分配,902,6,5,897,1
217,500,history,四周历史均值分配,902,11,7,895,4
217,500,uniform,均匀分配,902,1488,712,190,776
217,1000,forecast,选定预测方案分配,902,83,41,861,42
217,1000,history,四周历史均值分配,902,89,47,855,42
217,1000,uniform,均匀分配,902,2232,833,69,1399
217,2000,forecast,选定预测方案分配,902,369,207,695,162
217,2000,history,四周历史均值分配,902,322,186,716,136
217,2000,uniform,均匀分配,902,5208,902,0,4306
218,500,forecast,选定预测方案分配,1034,98,79,955,19
218,500,history,四周历史均值分配,1034,102,75,959,27
218,500,uniform,均匀分配,1034,1488,712,322,776
218,1000,forecast,选定预测方案分配,1034,258,190,844,68
218,1000,history,四周历史均值分配,1034,274,178,856,96
218,1000,uniform,均匀分配,1034,2232,858,176,1374
218,2000,forecast,选定预测方案分配,1034,607,389,645,218
218,2000,history,四周历史均值分配,1034,603,331,703,272
218,2000,uniform,均匀分配,1034,5208,1028,6,4180
219,500,forecast,选定预测方案分配,1086,95,66,1020,29
219,500,history,四周历史均值分配,1086,90,62,1024,28
219,500,uniform,均匀分配,1086,1488,831,255,657
219,1000,forecast,选定预测方案分配,1086,255,164,922,91
219,1000,history,四周历史均值分配,1086,224,134,952,90
219,1000,uniform,均匀分配,1086,2232,977,109,1255
219,2000,forecast,选定预测方案分配,1086,638,381,705,257
219,2000,history,四周历史均值分配,1086,596,325,761,271
219,2000,uniform,均匀分配,1086,5208,1082,4,4126
220,500,forecast,选定预测方案分配,994,3,3,991,0
220,500,history,四周历史均值分配,994,7,5,989,2
220,500,uniform,均匀分配,994,1488,761,233,727
220,1000,forecast,选定预测方案分配,994,123,88,906,35
220,1000,history,四周历史均值分配,994,89,70,924,19
220,1000,uniform,均匀分配,994,2232,898,96,1334
220,2000,forecast,选定预测方案分配,994,391,257,737,134
220,2000,history,四周历史均值分配,994,342,238,756,104
220,2000,uniform,均匀分配,994,5208,991,3,4217
221,500,forecast,选定预测方案分配,76,0,0,76,0
221,500,history,四周历史均值分配,76,0,0,76,0
221,500,uniform,均匀分配,76,1488,74,2,1414
221,1000,forecast,选定预测方案分配,76,0,0,76,0
221,1000,history,四周历史均值分配,76,3,0,76,3
221,1000,uniform,均匀分配,76,2232,76,0,2156
221,2000,forecast,选定预测方案分配,76,3,2,74,1
221,2000,history,四周历史均值分配,76,19,4,72,15
221,2000,uniform,均匀分配,76,5208,76,0,5132
222,500,forecast,选定预测方案分配,1063,53,40,1023,13
222,500,history,四周历史均值分配,1063,65,51,1012,14
222,500,uniform,均匀分配,1063,1488,696,367,792
222,1000,forecast,选定预测方案分配,1063,245,199,864,46
222,1000,history,四周历史均值分配,1063,221,162,901,59
222,1000,uniform,均匀分配,1063,2232,860,203,1372
222,2000,forecast,选定预测方案分配,1063,463,329,734,134
222,2000,history,四周历史均值分配,1063,461,304,759,157
222,2000,uniform,均匀分配,1063,5208,1057,6,4151
223,500,forecast,选定预测方案分配,3338,389,345,2993,44
223,500,history,四周历史均值分配,3338,313,277,3061,36
223,500,uniform,均匀分配,3338,1488,1338,2000,150
223,1000,forecast,选定预测方案分配,3338,910,786,2552,124
223,1000,history,四周历史均值分配,3338,807,695,2643,112
223,1000,uniform,均匀分配,3338,2232,1866,1472,366
223,2000,forecast,选定预测方案分配,3338,1536,1135,2203,401
223,2000,history,四周历史均值分配,3338,1385,1043,2295,342
223,2000,uniform,均匀分配,3338,5208,3007,331,2201
224,500,forecast,选定预测方案分配,10772,1112,1081,9691,31
224,500,history,四周历史均值分配,10772,1089,1050,9722,39
224,500,uniform,均匀分配,10772,1488,1440,9332,48
224,1000,forecast,选定预测方案分配,10772,2160,2022,8750,138
224,1000,history,四周历史均值分配,10772,2063,1915,8857,148
224,1000,uniform,均匀分配,10772,2232,2121,8651,111
224,2000,forecast,选定预测方案分配,10772,4219,3624,7148,595
224,2000,history,四周历史均值分配,10772,4045,3452,7320,593
224,2000,uniform,均匀分配,10772,5208,4559,6213,649
225,500,forecast,选定预测方案分配,4945,725,687,4258,38
225,500,history,四周历史均值分配,4945,681,649,4296,32
225,500,uniform,均匀分配,4945,1488,1405,3540,83
225,1000,forecast,选定预测方案分配,4945,1360,1219,3726,141
225,1000,history,四周历史均值分配,4945,1295,1154,3791,141
225,1000,uniform,均匀分配,4945,2232,2006,2939,226
225,2000,forecast,选定预测方案分配,4945,2564,1991,2954,573
225,2000,history,四周历史均值分配,4945,2468,1918,3027,550
225,2000,uniform,均匀分配,4945,5208,3743,1202,1465
226,500,forecast,选定预测方案分配,8332,1116,1064,7268,52
226,500,history,四周历史均值分配,8332,1019,987,7345,32
226,500,uniform,均匀分配,8332,1488,1455,6877,33
226,1000,forecast,选定预测方案分配,8332,2089,1874,6458,215
226,1000,history,四周历史均值分配,8332,1871,1689,6643,182
226,1000,uniform,均匀分配,8332,2232,2158,6174,74
226,2000,forecast,选定预测方案分配,8332,4079,3182,5150,897
226,2000,history,四周历史均值分配,8332,3676,2934,5398,742
226,2000,uniform,均匀分配,8332,5208,4567,3765,641
227,500,forecast,选定预测方案分配,874,31,20,854,11
227,500,history,四周历史均值分配,874,25,17,857,8
227,500,uniform,均匀分配,874,1488,696,178,792
227,1000,forecast,选定预测方案分配,874,156,82,792,74
227,1000,history,四周历史均值分配,874,107,61,813,46
227,1000,uniform,均匀分配,874,2232,808,66,1424
227,2000,forecast,选定预测方案分配,874,400,232,642,168
227,2000,history,四周历史均值分配,874,346,206,668,140
227,2000,uniform,均匀分配,874,5208,874,0,4334
228,500,forecast,选定预测方案分配,2066,176,132,1934,44
228,500,history,四周历史均值分配,2066,134,98,1968,36
228,500,uniform,均匀分配,2066,1488,1138,928,350
228,1000,forecast,选定预测方案分配,2066,584,472,1594,112
228,1000,history,四周历史均值分配,2066,515,425,1641,90
228,1000,uniform,均匀分配,2066,2232,1496,570,736
228,2000,forecast,选定预测方案分配,2066,1069,764,1302,305
228,2000,history,四周历史均值分配,2066,965,697,1369,268
228,2000,uniform,均匀分配,2066,5208,1997,69,3211
229,500,forecast,选定预测方案分配,69232,5814,5764,63468,50
229,500,history,四周历史均值分配,69232,5742,5685,63547,57
229,500,uniform,均匀分配,69232,1488,1488,67744,0
229,1000,forecast,选定预测方案分配,69232,11542,11133,58099,409
229,1000,history,四周历史均值分配,69232,11383,10992,58240,391
229,1000,uniform,均匀分配,69232,2232,2231,67001,1
229,2000,forecast,选定预测方案分配,69232,22998,21039,48193,1959
229,2000,history,四周历史均值分配,69232,22701,20842,48390,1859
229,2000,uniform,均匀分配,69232,5208,5140,64092,68
230,500,forecast,选定预测方案分配,122028,11162,11056,110972,106
230,500,history,四周历史均值分配,122028,11090,10897,111131,193
230,500,uniform,均匀分配,122028,1488,1477,120551,11
230,1000,forecast,选定预测方案分配,122028,22252,21150,100878,1102
230,1000,history,四周历史均值分配,122028,22060,20844,101184,1216
230,1000,uniform,均匀分配,122028,2232,2215,119813,17
230,2000,forecast,选定预测方案分配,122028,44410,39292,82736,5118
230,2000,history,四周历史均值分配,122028,44041,39055,82973,4986
230,2000,uniform,均匀分配,122028,5208,5165,116863,43
231,500,forecast,选定预测方案分配,59124,4727,4657,54467,70
231,500,history,四周历史均值分配,59124,4903,4787,54337,116
231,500,uniform,均匀分配,59124,1488,1478,57646,10
231,1000,forecast,选定预测方案分配,59124,9373,8989,50135,384
231,1000,history,四周历史均值分配,59124,9717,9138,49986,579
231,1000,uniform,均匀分配,59124,2232,2198,56926,34
231,2000,forecast,选定预测方案分配,59124,18662,16928,42196,1734
231,2000,history,四周历史均值分配,59124,19374,17161,41963,2213
231,2000,uniform,均匀分配,59124,5208,4965,54159,243
232,500,forecast,选定预测方案分配,12900,1347,1304,11596,43
232,500,history,四周历史均值分配,12900,1302,1259,11641,43
232,500,uniform,均匀分配,12900,1488,1465,11435,23
232,1000,forecast,选定预测方案分配,12900,2663,2490,10410,173
232,1000,history,四周历史均值分配,12900,2588,2410,10490,178
232,1000,uniform,均匀分配,12900,2232,2178,10722,54
232,2000,forecast,选定预测方案分配,12900,5262,4461,8439,801
232,2000,history,四周历史均值分配,12900,5111,4334,8566,777
232,2000,uniform,均匀分配,12900,5208,4833,8067,375
233,500,forecast,选定预测方案分配,45603,3810,3758,41845,52
233,500,history,四周历史均值分配,45603,3793,3732,41871,61
233,500,uniform,均匀分配,45603,1488,1478,44125,10
233,1000,forecast,选定预测方案分配,45603,7540,7248,38355,292
233,1000,history,四周历史均值分配,45603,7472,7174,38429,298
233,1000,uniform,均匀分配,45603,2232,2200,43403,32
233,2000,forecast,选定预测方案分配,45603,15012,13779,31824,1233
233,2000,history,四周历史均值分配,45603,14872,13567,32036,1305
233,2000,uniform,均匀分配,45603,5208,4949,40654,259
234,500,forecast,选定预测方案分配,112736,8642,8572,104164,70
234,500,history,四周历史均值分配,112736,8816,8750,103986,66
234,500,uniform,均匀分配,112736,1488,1485,111251,3
234,1000,forecast,选定预测方案分配,112736,17189,16676,96060,513
234,1000,history,四周历史均值分配,112736,17531,17040,95696,491
234,1000,uniform,均匀分配,112736,2232,2224,110512,8
234,2000,forecast,选定预测方案分配,112736,34279,31884,80852,2395
234,2000,history,四周历史均值分配,112736,34976,32609,80127,2367
234,2000,uniform,均匀分配,112736,5208,5104,107632,104
235,500,forecast,选定预测方案分配,1467,161,140,1327,21
235,500,history,四周历史均值分配,1467,150,132,1335,18
235,500,uniform,均匀分配,1467,1488,836,631,652
235,1000,forecast,选定预测方案分配,1467,357,285,1182,72
235,1000,history,四周历史均值分配,1467,341,272,1195,69
235,1000,uniform,均匀分配,1467,2232,1067,400,1165
235,2000,forecast,选定预测方案分配,1467,795,564,903,231
235,2000,history,四周历史均值分配,1467,783,524,943,259
235,2000,uniform,均匀分配,1467,5208,1425,42,3783
236,500,forecast,选定预测方案分配,177313,12723,12666,164647,57
236,500,history,四周历史均值分配,177313,13246,13194,164119,52
236,500,uniform,均匀分配,177313,1488,1480,175833,8
236,1000,forecast,选定预测方案分配,177313,25347,25019,152294,328
236,1000,history,四周历史均值分配,177313,26428,26019,151294,409
236,1000,uniform,均匀分配,177313,2232,2202,175111,30
236,2000,forecast,选定预测方案分配,177313,50597,48864,128449,1733
236,2000,history,四周历史均值分配,177313,52775,50457,126856,2318
236,2000,uniform,均匀分配,177313,5208,4935,172378,273
237,500,forecast,选定预测方案分配,195814,13726,13660,182154,66
237,500,history,四周历史均值分配,195814,14553,14479,181335,74
237,500,uniform,均匀分配,195814,1488,1482,194332,6
237,1000,forecast,选定预测方案分配,195814,27323,26931,168883,392
237,1000,history,四周历史均值分配,195814,29025,28590,167224,435
237,1000,uniform,均匀分配,195814,2232,2216,193598,16
237,2000,forecast,选定预测方案分配,195814,54600,52735,143079,1865
237,2000,history,四周历史均值分配,195814,57974,55729,140085,2245
237,2000,uniform,均匀分配,195814,5208,5050,190764,158
238,500,forecast,选定预测方案分配,82889,6759,6709,76180,50
238,500,history,四周历史均值分配,82889,6734,6689,76200,45
238,500,uniform,均匀分配,82889,744,744,82145,0
238,1000,forecast,选定预测方案分配,82889,13449,13106,69783,343
238,1000,history,四周历史均值分配,82889,13366,13042,69847,324
238,1000,uniform,均匀分配,82889,2232,2221,80668,11
238,2000,forecast,选定预测方案分配,82889,26791,25031,57858,1760
238,2000,history,四周历史均值分配,82889,26674,24941,57948,1733
238,2000,uniform,均匀分配,82889,5208,5056,77833,152
239,500,forecast,选定预测方案分配,113853,8826,8773,105080,53
239,500,history,四周历史均值分配,113853,8825,8779,105074,46
239,500,uniform,均匀分配,113853,744,744,113109,0
239,1000,forecast,选定预测方案分配,113853,17592,17235,96618,357
239,1000,history,四周历史均值分配,113853,17546,17183,96670,363
239,1000,uniform,均匀分配,113853,2232,2223,111630,9
239,2000,forecast,选定预测方案分配,113853,35088,33274,80579,1814
239,2000,history,四周历史均值分配,113853,34990,33050,80803,1940
239,2000,uniform,均匀分配,113853,5208,5079,108774,129
240,500,forecast,选定预测方案分配,149,0,0,149,0
240,500,history,四周历史均值分配,149,0,0,149,0
240,500,uniform,均匀分配,149,744,130,19,614
240,1000,forecast,选定预测方案分配,149,0,0,149,0
240,1000,history,四周历史均值分配,149,2,1,148,1
240,1000,uniform,均匀分配,149,2232,149,0,2083
240,2000,forecast,选定预测方案分配,149,2,1,148,1
240,2000,history,四周历史均值分配,149,23,6,143,17
240,2000,uniform,均匀分配,149,5208,149,0,5059
241,500,forecast,选定预测方案分配,978,47,41,937,6
241,500,history,四周历史均值分配,978,30,19,959,11
241,500,uniform,均匀分配,978,744,449,529,295
241,1000,forecast,选定预测方案分配,978,169,126,852,43
241,1000,history,四周历史均值分配,978,142,97,881,45
241,1000,uniform,均匀分配,978,2232,815,163,1417
241,2000,forecast,选定预测方案分配,978,386,263,715,123
241,2000,history,四周历史均值分配,978,340,214,764,126
241,2000,uniform,均匀分配,978,5208,960,18,4248
242,500,forecast,选定预测方案分配,929,10,5,924,5
242,500,history,四周历史均值分配,929,18,12,917,6
242,500,uniform,均匀分配,929,744,469,460,275
242,1000,forecast,选定预测方案分配,929,132,76,853,56
242,1000,history,四周历史均值分配,929,96,50,879,46
242,1000,uniform,均匀分配,929,2232,842,87,1390
242,2000,forecast,选定预测方案分配,929,391,229,700,162
242,2000,history,四周历史均值分配,929,320,191,738,129
242,2000,uniform,均匀分配,929,5208,925,4,4283
243,500,forecast,选定预测方案分配,5350,698,662,4688,36
243,500,history,四周历史均值分配,5350,625,601,4749,24
243,500,uniform,均匀分配,5350,744,711,4639,33
243,1000,forecast,选定预测方案分配,5350,1175,1074,4276,101
243,1000,history,四周历史均值分配,5350,1054,974,4376,80
243,1000,uniform,均匀分配,5350,2232,1993,3357,239
243,2000,forecast,选定预测方案分配,5350,2302,1909,3441,393
243,2000,history,四周历史均值分配,5350,2061,1752,3598,309
243,2000,uniform,均匀分配,5350,5208,3816,1534,1392
244,500,forecast,选定预测方案分配,11784,1250,1217,10567,33
244,500,history,四周历史均值分配,11784,1166,1126,10658,40
244,500,uniform,均匀分配,11784,744,739,11045,5
244,1000,forecast,选定预测方案分配,11784,2503,2349,9435,154
244,1000,history,四周历史均值分配,11784,2342,2181,9603,161
244,1000,uniform,均匀分配,11784,2232,2151,9633,81
244,2000,forecast,选定预测方案分配,11784,4939,4203,7581,736
244,2000,history,四周历史均值分配,11784,4597,3919,7865,678
244,2000,uniform,均匀分配,11784,5208,4689,7095,519
245,500,forecast,选定预测方案分配,17,0,0,17,0
245,500,history,四周历史均值分配,17,0,0,17,0
245,500,uniform,均匀分配,17,744,16,1,728
245,1000,forecast,选定预测方案分配,17,0,0,17,0
245,1000,history,四周历史均值分配,17,0,0,17,0
245,1000,uniform,均匀分配,17,2232,17,0,2215
245,2000,forecast,选定预测方案分配,17,0,0,17,0
245,2000,history,四周历史均值分配,17,3,0,17,3
245,2000,uniform,均匀分配,17,5208,17,0,5191
246,500,forecast,选定预测方案分配,75037,6217,6136,68901,81
246,500,history,四周历史均值分配,75037,6230,6153,68884,77
246,500,uniform,均匀分配,75037,744,742,74295,2
246,1000,forecast,选定预测方案分配,75037,12329,11748,63289,581
246,1000,history,四周历史均值分配,75037,12381,11794,63243,587
246,1000,uniform,均匀分配,75037,2232,2210,72827,22
246,2000,forecast,选定预测方案分配,75037,24577,21982,53055,2595
246,2000,history,四周历史均值分配,75037,24691,22014,53023,2677
246,2000,uniform,均匀分配,75037,5208,5013,70024,195
247,500,forecast,选定预测方案分配,1749,156,129,1620,27
247,500,history,四周历史均值分配,1749,107,82,1667,25
247,500,uniform,均匀分配,1749,744,592,1157,152
247,1000,forecast,选定预测方案分配,1749,375,287,1462,88
247,1000,history,四周历史均值分配,1749,299,226,1523,73
247,1000,uniform,均匀分配,1749,2232,1307,442,925
247,2000,forecast,选定预测方案分配,1749,942,689,1060,253
247,2000,history,四周历史均值分配,1749,752,532,1217,220
247,2000,uniform,均匀分配,1749,5208,1694,55,3514
248,500,forecast,选定预测方案分配,868,100,80,788,20
248,500,history,四周历史均值分配,868,73,58,810,15
248,500,uniform,均匀分配,868,744,419,449,325
248,1000,forecast,选定预测方案分配,868,201,152,716,49
248,1000,history,四周历史均值分配,868,177,130,738,47
248,1000,uniform,均匀分配,868,2232,736,132,1496
248,2000,forecast,选定预测方案分配,868,419,269,599,150
248,2000,history,四周历史均值分配,868,392,242,626,150
248,2000,uniform,均匀分配,868,5208,857,11,4351
249,500,forecast,选定预测方案分配,88828,8470,8329,80499,141
249,500,history,四周历史均值分配,88828,8548,8393,80435,155
249,500,uniform,均匀分配,88828,744,744,88084,0
249,1000,forecast,选定预测方案分配,88828,16863,15844,72984,1019
249,1000,history,四周历史均值分配,88828,17020,15920,72908,1100
249,1000,uniform,均匀分配,88828,2232,2232,86596,0
249,2000,forecast,选定预测方案分配,88828,33650,29108,59720,4542
249,2000,history,四周历史均值分配,88828,33943,29075,59753,4868
249,2000,uniform,均匀分配,88828,5208,5179,83649,29
250,500,forecast,选定预测方案分配,901,89,66,835,23
250,500,history,四周历史均值分配,901,79,56,845,23
250,500,uniform,均匀分配,901,744,436,465,308
250,1000,forecast,选定预测方案分配,901,180,126,775,54
250,1000,history,四周历史均值分配,901,155,103,798,52
250,1000,uniform,均匀分配,901,2232,787,114,1445
250,2000,forecast,选定预测方案分配,901,408,243,658,165
250,2000,history,四周历史均值分配,901,380,219,682,161
250,2000,uniform,均匀分配,901,5208,892,9,4316
251,500,forecast,选定预测方案分配,29,0,0,29,0
251,500,history,四周历史均值分配,29,0,0,29,0
251,500,uniform,均匀分配,29,744,28,1,716
251,1000,forecast,选定预测方案分配,29,0,0,29,0
251,1000,history,四周历史均值分配,29,0,0,29,0
251,1000,uniform,均匀分配,29,2232,29,0,2203
251,2000,forecast,选定预测方案分配,29,0,0,29,0
251,2000,history,四周历史均值分配,29,0,0,29,0
251,2000,uniform,均匀分配,29,5208,29,0,5179
252,500,forecast,选定预测方案分配,292,0,0,292,0
252,500,history,四周历史均值分配,292,3,2,290,1
252,500,uniform,均匀分配,292,744,231,61,513
252,1000,forecast,选定预测方案分配,292,0,0,292,0
252,1000,history,四周历史均值分配,292,17,6,286,11
252,1000,uniform,均匀分配,292,2232,292,0,1940
252,2000,forecast,选定预测方案分配,292,20,8,284,12
252,2000,history,四周历史均值分配,292,60,21,271,39
252,2000,uniform,均匀分配,292,5208,292,0,4916
253,500,forecast,选定预测方案分配,18,0,0,18,0
253,500,history,四周历史均值分配,18,0,0,18,0
253,500,uniform,均匀分配,18,744,18,0,726
253,1000,forecast,选定预测方案分配,18,0,0,18,0
253,1000,history,四周历史均值分配,18,0,0,18,0
253,1000,uniform,均匀分配,18,2232,18,0,2214
253,2000,forecast,选定预测方案分配,18,0,0,18,0
253,2000,history,四周历史均值分配,18,0,0,18,0
253,2000,uniform,均匀分配,18,5208,18,0,5190
254,500,forecast,选定预测方案分配,1475,173,151,1324,22
254,500,history,四周历史均值分配,1475,150,132,1343,18
254,500,uniform,均匀分配,1475,744,509,966,235
254,1000,forecast,选定预测方案分配,1475,375,303,1172,72
254,1000,history,四周历史均值分配,1475,351,284,1191,67
254,1000,uniform,均匀分配,1475,2232,1075,400,1157
254,2000,forecast,选定预测方案分配,1475,837,577,898,260
254,2000,history,四周历史均值分配,1475,766,529,946,237
254,2000,uniform,均匀分配,1475,5208,1412,63,3796
255,500,forecast,选定预测方案分配,8592,969,921,7671,48
255,500,history,四周历史均值分配,8592,972,920,7672,52
255,500,uniform,均匀分配,8592,744,703,7889,41
255,1000,forecast,选定预测方案分配,8592,1976,1799,6793,177
255,1000,history,四周历史均值分配,8592,1958,1785,6807,173
255,1000,uniform,均匀分配,8592,2232,1924,6668,308
255,2000,forecast,选定预测方案分配,8592,3772,3106,5486,666
255,2000,history,四周历史均值分配,8592,3815,3130,5462,685
255,2000,uniform,均匀分配,8592,5208,3626,4966,1582
256,500,forecast,选定预测方案分配,6954,897,840,6114,57
256,500,history,四周历史均值分配,6954,840,789,6165,51
256,500,uniform,均匀分配,6954,744,723,6231,21
256,1000,forecast,选定预测方案分配,6954,1705,1502,5452,203
256,1000,history,四周历史均值分配,6954,1597,1397,5557,200
256,1000,uniform,均匀分配,6954,2232,2039,4915,193
256,2000,forecast,选定预测方案分配,6954,3249,2511,4443,738
256,2000,history,四周历史均值分配,6954,3083,2389,4565,694
256,2000,uniform,均匀分配,6954,5208,3907,3047,1301
257,500,forecast,选定预测方案分配,736,0,0,736,0
257,500,history,四周历史均值分配,736,12,9,727,3
257,500,uniform,均匀分配,736,744,424,312,320
257,1000,forecast,选定预测方案分配,736,53,37,699,16
257,1000,history,四周历史均值分配,736,64,39,697,25
257,1000,uniform,均匀分配,736,2232,688,48,1544
257,2000,forecast,选定预测方案分配,736,245,138,598,107
257,2000,history,四周历史均值分配,736,210,128,608,82
257,2000,uniform,均匀分配,736,5208,735,1,4473
258,500,forecast,选定预测方案分配,1169,138,109,1060,29
258,500,history,四周历史均值分配,1169,89,67,1102,22
258,500,uniform,均匀分配,1169,744,500,669,244
258,1000,forecast,选定预测方案分配,1169,307,220,949,87
258,1000,history,四周历史均值分配,1169,232,157,1012,75
258,1000,uniform,均匀分配,1169,2232,942,227,1290
258,2000,forecast,选定预测方案分配,1169,693,438,731,255
258,2000,history,四周历史均值分配,1169,568,358,811,210
258,2000,uniform,均匀分配,1169,5208,1133,36,4075
259,500,forecast,选定预测方案分配,806,86,65,741,21
259,500,history,四周历史均值分配,806,72,44,762,28
259,500,uniform,均匀分配,806,744,395,411,349
259,1000,forecast,选定预测方案分配,806,201,137,669,64
259,1000,history,四周历史均值分配,806,196,131,675,65
259,1000,uniform,均匀分配,806,2232,681,125,1551
259,2000,forecast,选定预测方案分配,806,445,257,549,188
259,2000,history,四周历史均值分配,806,451,241,565,210
259,2000,uniform,均匀分配,806,5208,794,12,4414
260,500,forecast,选定预测方案分配,3165,439,393,2772,46
260,500,history,四周历史均值分配,3165,361,318,2847,43
260,500,uniform,均匀分配,3165,744,710,2455,34
260,1000,forecast,选定预测方案分配,3165,1083,900,2265,183
260,1000,history,四周历史均值分配,3165,874,726,2439,148
260,1000,uniform,均匀分配,3165,2232,1884,1281,348
260,2000,forecast,选定预测方案分配,3165,1942,1341,1824,601
260,2000,history,四周历史均值分配,3165,1666,1172,1993,494
260,2000,uniform,均匀分配,3165,5208,2856,309,2352
261,500,forecast,选定预测方案分配,21855,1718,1685,20170,33
261,500,history,四周历史均值分配,21855,1618,1581,20274,37
261,500,uniform,均匀分配,21855,744,722,21133,22
261,1000,forecast,选定预测方案分配,21855,3360,3226,18629,134
261,1000,history,四周历史均值分配,21855,3144,3019,18836,125
261,1000,uniform,均匀分配,21855,2232,2050,19805,182
261,2000,forecast,选定预测方案分配,21855,6650,6178,15677,472
261,2000,history,四周历史均值分配,21855,6215,5786,16069,429
261,2000,uniform,均匀分配,21855,5208,4410,17445,798
262,500,forecast,选定预测方案分配,60007,5224,5178,54829,46
262,500,history,四周历史均值分配,60007,5226,5171,54836,55
262,500,uniform,均匀分配,60007,744,740,59267,4
262,1000,forecast,选定预测方案分配,60007,10355,10073,49934,282
262,1000,history,四周历史均值分配,60007,10346,10030,49977,316
262,1000,uniform,均匀分配,60007,2232,2181,57826,51
262,2000,forecast,选定预测方案分配,60007,20650,19020,40987,1630
262,2000,history,四周历史均值分配,60007,20631,18971,41036,1660
262,2000,uniform,均匀分配,60007,5208,4863,55144,345
263,500,forecast,选定预测方案分配,80447,7014,6945,73502,69
263,500,history,四周历史均值分配,80447,6857,6774,73673,83
263,500,uniform,均匀分配,80447,744,744,79703,0
263,1000,forecast,选定预测方案分配,80447,13890,13370,67077,520
263,1000,history,四周历史均值分配,80447,13671,13117,67330,554
263,1000,uniform,均匀分配,80447,2232,2228,78219,4
263,2000,forecast,选定预测方案分配,80447,27744,25132,55315,2612
263,2000,history,四周历史均值分配,80447,27249,24571,55876,2678
263,2000,uniform,均匀分配,80447,5208,5153,75294,55
